-- MySQL dump 10.13  Distrib 8.0.28, for Win64 (x86_64)
--
-- Host: localhost    Database: digi3webv2
-- ------------------------------------------------------
-- Server version	8.0.28

/*!40101 SET @OLD_CHARACTER_SET_CLIENT=@@CHARACTER_SET_CLIENT */;
/*!40101 SET @OLD_CHARACTER_SET_RESULTS=@@CHARACTER_SET_RESULTS */;
/*!40101 SET @OLD_COLLATION_CONNECTION=@@COLLATION_CONNECTION */;
/*!50503 SET NAMES utf8 */;
/*!40103 SET @OLD_TIME_ZONE=@@TIME_ZONE */;
/*!40103 SET TIME_ZONE='+00:00' */;
/*!40014 SET @OLD_UNIQUE_CHECKS=@@UNIQUE_CHECKS, UNIQUE_CHECKS=0 */;
/*!40014 SET @OLD_FOREIGN_KEY_CHECKS=@@FOREIGN_KEY_CHECKS, FOREIGN_KEY_CHECKS=0 */;
/*!40101 SET @OLD_SQL_MODE=@@SQL_MODE, SQL_MODE='NO_AUTO_VALUE_ON_ZERO' */;
/*!40111 SET @OLD_SQL_NOTES=@@SQL_NOTES, SQL_NOTES=0 */;

--
-- Table structure for table `adonis_schema`
--

DROP TABLE IF EXISTS `adonis_schema`;
/*!40101 SET @saved_cs_client     = @@character_set_client */;
/*!50503 SET character_set_client = utf8mb4 */;
CREATE TABLE `adonis_schema` (
  `id` int unsigned NOT NULL AUTO_INCREMENT,
  `name` varchar(255) NOT NULL,
  `batch` int NOT NULL,
  `migration_time` timestamp NULL DEFAULT CURRENT_TIMESTAMP,
  PRIMARY KEY (`id`)
) ENGINE=InnoDB AUTO_INCREMENT=50 DEFAULT CHARSET=utf8mb4 COLLATE=utf8mb4_0900_ai_ci;
/*!40101 SET character_set_client = @saved_cs_client */;

--
-- Dumping data for table `adonis_schema`
--

LOCK TABLES `adonis_schema` WRITE;
/*!40000 ALTER TABLE `adonis_schema` DISABLE KEYS */;
INSERT INTO `adonis_schema` VALUES (43,'database/migrations/1660930386591_books',1,'2023-01-11 12:51:47'),(44,'database/migrations/1660934732125_companies',1,'2023-01-11 12:51:47'),(45,'database/migrations/1660934732126_typebooks',1,'2023-01-11 12:51:47'),(46,'database/migrations/1661186064145_bookrecords',1,'2023-01-11 12:51:48'),(47,'database/migrations/1661276874571_indeximages',1,'2023-01-11 12:51:48'),(48,'database/migrations/1672691804712_users',1,'2023-01-11 12:51:48'),(49,'database/migrations/1672691804717_api_tokens',1,'2023-01-11 12:51:49');
/*!40000 ALTER TABLE `adonis_schema` ENABLE KEYS */;
UNLOCK TABLES;

--
-- Table structure for table `adonis_schema_versions`
--

DROP TABLE IF EXISTS `adonis_schema_versions`;
/*!40101 SET @saved_cs_client     = @@character_set_client */;
/*!50503 SET character_set_client = utf8mb4 */;
CREATE TABLE `adonis_schema_versions` (
  `version` int NOT NULL
) ENGINE=InnoDB DEFAULT CHARSET=utf8mb4 COLLATE=utf8mb4_0900_ai_ci;
/*!40101 SET character_set_client = @saved_cs_client */;

--
-- Dumping data for table `adonis_schema_versions`
--

LOCK TABLES `adonis_schema_versions` WRITE;
/*!40000 ALTER TABLE `adonis_schema_versions` DISABLE KEYS */;
INSERT INTO `adonis_schema_versions` VALUES (2);
/*!40000 ALTER TABLE `adonis_schema_versions` ENABLE KEYS */;
UNLOCK TABLES;

--
-- Table structure for table `api_tokens`
--

DROP TABLE IF EXISTS `api_tokens`;
/*!40101 SET @saved_cs_client     = @@character_set_client */;
/*!50503 SET character_set_client = utf8mb4 */;
CREATE TABLE `api_tokens` (
  `id` int unsigned NOT NULL AUTO_INCREMENT,
  `user_id` int unsigned DEFAULT NULL,
  `name` varchar(255) NOT NULL,
  `type` varchar(255) NOT NULL,
  `token` varchar(64) NOT NULL,
  `expires_at` timestamp NULL DEFAULT NULL,
  `created_at` timestamp NOT NULL,
  PRIMARY KEY (`id`),
  UNIQUE KEY `api_tokens_token_unique` (`token`),
  KEY `api_tokens_user_id_foreign` (`user_id`),
  CONSTRAINT `api_tokens_user_id_foreign` FOREIGN KEY (`user_id`) REFERENCES `users` (`id`) ON DELETE CASCADE
) ENGINE=InnoDB AUTO_INCREMENT=45 DEFAULT CHARSET=utf8mb4 COLLATE=utf8mb4_0900_ai_ci;
/*!40101 SET character_set_client = @saved_cs_client */;

--
-- Dumping data for table `api_tokens`
--

LOCK TABLES `api_tokens` WRITE;
/*!40000 ALTER TABLE `api_tokens` DISABLE KEYS */;
INSERT INTO `api_tokens` VALUES (1,1,'For the CLI app','api','71744df0285dea17182cec0dce067039128d9aaea082f6bd2e13e3ec4dc3cfa0','2023-02-10 18:14:01','2023-01-11 18:14:01'),(2,3,'For the CLI app','api','9ea2ce8f1bc24830e06bf6c75baf2020d2a16f811e81c93c312e3f1794e2d967','2023-02-10 18:19:21','2023-01-11 18:19:21'),(3,2,'For the CLI app','api','81439c73091eed0bcf52e3616b07a3814cd54766430c0978926dfd2b26725dcd','2023-02-10 19:37:10','2023-01-11 19:37:10'),(4,1,'For the CLI app','api','aafa6ca441879eb8a7e3f07fae0ea56ff2a536382dcbb365c36721d74862563e','2023-02-11 12:22:14','2023-01-12 12:22:14'),(5,1,'For the CLI app','api','e8879d37550db3332eff33f9f54859fc3aef472ffe65946f1e997c9b7ca60995','2023-02-11 12:31:09','2023-01-12 12:31:09'),(6,3,'For the CLI app','api','d935d1a30019f6a59ef76004a5bf10e9a8ed884d85b10f3e87c36dd1230cd745','2023-02-11 12:33:30','2023-01-12 12:33:30'),(7,1,'For the CLI app','api','5243d5800fcf66fa34fb8a4df79c953dc235c048114777293780e3ebe6853093','2023-02-11 12:55:22','2023-01-12 12:55:22'),(8,3,'For the CLI app','api','e9b40284a30e1a2259395bdfdca445d0a0bbc7336f9709fc326f52485189dbc0','2023-02-11 13:27:51','2023-01-12 13:27:51'),(9,3,'For the CLI app','api','9150e71308a25473e62b8dd3405871c0af09cf1001a14aff348799a09861d780','2023-02-11 13:46:07','2023-01-12 13:46:07'),(10,3,'For the CLI app','api','56f234e9916e07c3413ea0aca7bc63a07ecdf127438ee0a81c79d55dd2a34d41','2023-02-11 13:49:57','2023-01-12 13:49:57'),(11,2,'For the CLI app','api','f2b94ad49ab41e8b31d7f8704253dda4fa2735936dcdd7b78759d1f6d025aa23','2023-02-11 14:50:57','2023-01-12 14:50:57'),(12,2,'For the CLI app','api','4a85fd5086c36e33ec27eaaf288339f3dafb36c68295f31b621ef75d780e0ce9','2023-02-11 14:53:03','2023-01-12 14:53:03'),(13,1,'For the CLI app','api','680ae1771cc0d73b94571004870614675b3202d7dab3af03c19633aafdb185aa','2023-02-11 16:21:18','2023-01-12 16:21:18'),(14,3,'For the CLI app','api','45f2c96bce34ed9c9f0c35f543f7cb123e224ba1f4a2d657b1369d28bd84b85d','2023-02-11 16:23:02','2023-01-12 16:23:02'),(15,3,'For the CLI app','api','0aa18967be637980a4c6e1bf71a587b8c19af51d44b3ee4fbe0885da240734a3','2023-02-11 16:24:00','2023-01-12 16:24:00'),(16,3,'For the CLI app','api','cb193467411281ece7e8fa9cd08b265cf63f0d59f57d6ba68923921aa883c1d7','2023-02-11 16:24:28','2023-01-12 16:24:28'),(17,3,'For the CLI app','api','203c29fe2f573caee88cc12b7407a312c709f68e64a72378df2cd6fdf4af80a6','2023-02-11 16:25:26','2023-01-12 16:25:26'),(18,1,'For the CLI app','api','48f0a308d9b1dc9ba042654ce223b15b8cb4d88a28480315ac5f18afd6dd4889','2023-02-11 16:29:40','2023-01-12 16:29:40'),(19,3,'For the CLI app','api','26093b930b05a339c2d3db5d6ae86c5f53c86b4f7df99ef913e5ce132c741c7f','2023-02-11 16:34:37','2023-01-12 16:34:37'),(20,3,'For the CLI app','api','21ae4476669372bfb511dd3d1fc80805964120be496f14d4d5be5826e842a99a','2023-02-11 16:38:20','2023-01-12 16:38:20'),(21,3,'For the CLI app','api','3ccaff79c88a3eb79bcf61518221df97edca002b6f9f0ec1adbe338642af72cc','2023-02-11 16:40:11','2023-01-12 16:40:11'),(22,3,'For the CLI app','api','09f1b6ca3ed49ce7ce615317c8844a11d37fa015bc87e4c569b17a097a389951','2023-02-11 16:44:52','2023-01-12 16:44:52'),(23,1,'For the CLI app','api','16ebfcdb36f09ba615af1407447baf8c21192c00b99083ddea5e3815d6eb3db2','2023-02-11 16:45:24','2023-01-12 16:45:24'),(24,6,'For the CLI app','api','9230a01e01a00e35e004da6c951a67f9eb94e98ec64ae679e95d498ef77d9207','2023-02-11 16:47:48','2023-01-12 16:47:48'),(25,3,'For the CLI app','api','299b84fad40eb363a1a19b1d8c8181b1711e2032116adef092083bed69899103','2023-02-12 12:07:35','2023-01-13 12:07:35'),(26,1,'For the CLI app','api','97e6655262a3295999771daabdeacf24c5736dcb311e2f7a40aa99da2f9a810d','2023-02-12 12:12:59','2023-01-13 12:12:59'),(27,3,'For the CLI app','api','271d6eded168df44cad467fdcdd44327e30ce1146ce807609d79c6422001cb01','2023-02-12 12:16:58','2023-01-13 12:16:58'),(28,3,'For the CLI app','api','86f8ec40492e3c480c69b6986ec8a9c1d15ce23d980bee4c4d28e99834695660','2023-02-12 12:21:03','2023-01-13 12:21:03'),(29,3,'For the CLI app','api','3d8452d923633fa2df204e2acd8b6d37d2cd19638ed25dee64c3b9cb0a3141e8','2023-02-12 12:22:18','2023-01-13 12:22:18'),(30,3,'For the CLI app','api','e172160fea73d1e47169ad1f5456fece157219d0edb19e087c84d01d664a45d1','2023-02-12 12:42:37','2023-01-13 12:42:37'),(31,3,'For the CLI app','api','fa9d4170923b36218bb98e24604bba208134d56b279bd77a72b8acc5956ef26a','2023-02-12 13:22:16','2023-01-13 13:22:16'),(32,3,'For the CLI app','api','e9a6d6a097dab66da9513d132a0107a8d2ef538052f335d230fe4ca01c80ea92','2023-02-12 13:36:20','2023-01-13 13:36:20'),(33,3,'For the CLI app','api','07af76102a984ef9a1b87c8f68c4d6638787e721e477537532fc5a23e7e5280a','2023-02-12 13:36:56','2023-01-13 13:36:56'),(34,1,'For the CLI app','api','015a37aa7b91874ec4510bc43bf74c975ab21a378ecbcfaa7328b55c9fdab448','2023-02-12 17:02:47','2023-01-13 17:02:47'),(35,1,'For the CLI app','api','203a8b294cc5a9db13db93b55eba6e5366ef76adf3ad10067d43022d6a66a3ac','2023-02-12 17:06:14','2023-01-13 17:06:14'),(36,3,'For the CLI app','api','73077fcda7cbd30aa11c48f6e0e1d59824d8053c215f3312da5c1d20acc80e40','2023-02-12 18:16:17','2023-01-13 18:16:17'),(37,3,'For the CLI app','api','cc41763fea4a6df7f2c7d6ca77f1078a8cf24529da8569751609a935da7102b9','2023-02-12 19:44:20','2023-01-13 19:44:20'),(38,3,'For the CLI app','api','5f4644f30457a6a332f7498d7470e5eb18f9e82a6892d8d5ea430e6208b10e0b','2023-02-14 21:39:44','2023-01-15 21:39:44'),(39,3,'For the CLI app','api','7e04ec7e02f1bfaa11d6bb176ba8e6c69722c8ce2d8f41bfcc7ea8356eadeff5','2023-02-14 22:33:17','2023-01-15 22:33:17'),(40,3,'For the CLI app','api','d2cb7732c7fc84b4b14297211115fa7c3a4ab921c2c09f1b0815749c63bb8cdc','2023-02-15 17:47:40','2023-01-16 17:47:40'),(41,3,'For the CLI app','api','474a81bc75efc3300fe595572d3b9bed02640b5c658993b15c4c1bd2f33bbbad','2023-02-15 18:28:15','2023-01-16 18:28:15'),(42,3,'For the CLI app','api','71a47b4d65acd41ecfa6a94b5c7feac22ed84e55bf19097ae2324b13d75a9199','2023-02-16 21:17:19','2023-01-17 21:17:19'),(43,3,'For the CLI app','api','587de46ad2e85522e45d95e29c4ea8d215e25b7db801a59eb2f157cf0c82862c','2023-02-16 21:24:51','2023-01-17 21:24:51'),(44,3,'For the CLI app','api','75908de86980e574090d6a4af1a55d621542835e4df9dd32602bb657f0bf6153','2023-02-16 21:28:15','2023-01-17 21:28:15');
/*!40000 ALTER TABLE `api_tokens` ENABLE KEYS */;
UNLOCK TABLES;

--
-- Table structure for table `bookrecords`
--

DROP TABLE IF EXISTS `bookrecords`;
/*!40101 SET @saved_cs_client     = @@character_set_client */;
/*!50503 SET character_set_client = utf8mb4 */;
CREATE TABLE `bookrecords` (
  `id` int unsigned NOT NULL AUTO_INCREMENT,
  `typebooks_id` int unsigned NOT NULL,
  `books_id` int unsigned NOT NULL,
  `companies_id` int unsigned NOT NULL,
  `cod` int DEFAULT NULL,
  `book` int DEFAULT NULL,
  `sheet` int DEFAULT NULL,
  `side` varchar(255) DEFAULT NULL,
  `approximate_term` varchar(255) DEFAULT NULL,
  `index` int DEFAULT NULL,
  `obs` varchar(255) DEFAULT NULL,
  `letter` varchar(255) DEFAULT NULL,
  `year` int DEFAULT NULL,
  `model` varchar(255) DEFAULT NULL,
  `created_at` timestamp NULL DEFAULT NULL,
  `updated_at` timestamp NULL DEFAULT NULL,
  PRIMARY KEY (`id`),
  KEY `bookrecords_typebooks_id_foreign` (`typebooks_id`),
  KEY `bookrecords_books_id_foreign` (`books_id`),
  KEY `bookrecords_companies_id_foreign` (`companies_id`),
  CONSTRAINT `bookrecords_books_id_foreign` FOREIGN KEY (`books_id`) REFERENCES `typebooks` (`books_id`) ON DELETE CASCADE,
  CONSTRAINT `bookrecords_companies_id_foreign` FOREIGN KEY (`companies_id`) REFERENCES `companies` (`id`) ON DELETE CASCADE,
  CONSTRAINT `bookrecords_typebooks_id_foreign` FOREIGN KEY (`typebooks_id`) REFERENCES `typebooks` (`id`)
) ENGINE=InnoDB AUTO_INCREMENT=1125 DEFAULT CHARSET=utf8mb4 COLLATE=utf8mb4_0900_ai_ci;
/*!40101 SET character_set_client = @saved_cs_client */;

--
-- Dumping data for table `bookrecords`
--

LOCK TABLES `bookrecords` WRITE;
/*!40000 ALTER TABLE `bookrecords` DISABLE KEYS */;
INSERT INTO `bookrecords` VALUES (1,1,3,3,4,1,5,'F',NULL,0,NULL,NULL,NULL,NULL,'2023-01-11 18:24:52','2023-01-16 18:37:19'),(2,1,3,3,2,1,0,'F',NULL,NULL,NULL,NULL,NULL,NULL,'2023-01-11 18:24:52','2023-01-11 18:24:52'),(3,1,3,3,3,1,1,'F',NULL,NULL,NULL,NULL,NULL,NULL,'2023-01-11 18:24:52','2023-01-11 18:24:52'),(4,1,3,3,4,1,1,'F',NULL,NULL,NULL,NULL,NULL,NULL,'2023-01-11 18:24:52','2023-01-11 18:24:52'),(5,1,3,3,5,1,2,'F',NULL,NULL,NULL,NULL,NULL,NULL,'2023-01-11 18:24:52','2023-01-11 18:24:52'),(6,1,3,3,6,1,2,'F',NULL,NULL,NULL,NULL,NULL,NULL,'2023-01-11 18:24:52','2023-01-11 18:24:52'),(7,1,3,3,7,1,3,'F',NULL,NULL,NULL,NULL,NULL,NULL,'2023-01-11 18:24:52','2023-01-11 18:24:52'),(8,1,3,3,8,1,3,'F',NULL,NULL,NULL,NULL,NULL,NULL,'2023-01-11 18:24:52','2023-01-11 18:24:52'),(9,1,3,3,9,1,4,'F',NULL,NULL,NULL,NULL,NULL,NULL,'2023-01-11 18:24:52','2023-01-11 18:24:52'),(10,1,3,3,10,1,4,'F',NULL,NULL,NULL,NULL,NULL,NULL,'2023-01-11 18:24:52','2023-01-11 18:24:52'),(11,1,3,3,11,1,5,'F',NULL,NULL,NULL,NULL,NULL,NULL,'2023-01-11 18:24:52','2023-01-11 18:24:52'),(12,1,3,3,12,1,5,'F',NULL,NULL,NULL,NULL,NULL,NULL,'2023-01-11 18:24:52','2023-01-11 18:24:52'),(13,1,3,3,13,1,6,'F',NULL,NULL,NULL,NULL,NULL,NULL,'2023-01-11 18:24:52','2023-01-11 18:24:52'),(14,1,3,3,14,1,6,'F',NULL,NULL,NULL,NULL,NULL,NULL,'2023-01-11 18:24:52','2023-01-11 18:24:52'),(15,1,3,3,15,1,7,'F',NULL,NULL,NULL,NULL,NULL,NULL,'2023-01-11 18:24:52','2023-01-11 18:24:52'),(16,1,3,3,16,1,7,'F',NULL,NULL,NULL,NULL,NULL,NULL,'2023-01-11 18:24:52','2023-01-11 18:24:52'),(17,1,3,3,17,1,8,'F',NULL,NULL,NULL,NULL,NULL,NULL,'2023-01-11 18:24:52','2023-01-11 18:24:52'),(18,1,3,3,18,1,8,'F',NULL,NULL,NULL,NULL,NULL,NULL,'2023-01-11 18:24:52','2023-01-11 18:24:52'),(19,1,3,3,19,1,9,'F',NULL,NULL,NULL,NULL,NULL,NULL,'2023-01-11 18:24:52','2023-01-11 18:24:52'),(20,1,3,3,20,1,9,'F',NULL,NULL,NULL,NULL,NULL,NULL,'2023-01-11 18:24:52','2023-01-11 18:24:52'),(21,1,3,3,21,1,10,'F',NULL,NULL,NULL,NULL,NULL,NULL,'2023-01-11 18:24:52','2023-01-11 18:24:52'),(22,1,3,3,22,1,10,'F',NULL,NULL,NULL,NULL,NULL,NULL,'2023-01-11 18:24:52','2023-01-11 18:24:52'),(23,1,3,3,23,1,11,'F',NULL,NULL,NULL,NULL,NULL,NULL,'2023-01-11 18:24:52','2023-01-11 18:24:52'),(24,1,3,3,24,1,11,'F',NULL,NULL,NULL,NULL,NULL,NULL,'2023-01-11 18:24:52','2023-01-11 18:24:52'),(25,1,3,3,25,1,12,'F',NULL,NULL,NULL,NULL,NULL,NULL,'2023-01-11 18:24:52','2023-01-11 18:24:52'),(26,1,3,3,26,1,12,'F',NULL,NULL,NULL,NULL,NULL,NULL,'2023-01-11 18:24:52','2023-01-11 18:24:52'),(27,1,3,3,27,1,13,'F',NULL,NULL,NULL,NULL,NULL,NULL,'2023-01-11 18:24:52','2023-01-11 18:24:52'),(28,1,3,3,28,1,13,'F',NULL,NULL,NULL,NULL,NULL,NULL,'2023-01-11 18:24:52','2023-01-11 18:24:52'),(29,1,3,3,29,1,14,'F',NULL,NULL,NULL,NULL,NULL,NULL,'2023-01-11 18:24:52','2023-01-11 18:24:52'),(30,1,3,3,30,1,14,'F',NULL,NULL,NULL,NULL,NULL,NULL,'2023-01-11 18:24:52','2023-01-11 18:24:52'),(31,1,3,3,31,1,15,'F',NULL,NULL,NULL,NULL,NULL,NULL,'2023-01-11 18:24:52','2023-01-11 18:24:52'),(32,1,3,3,32,1,15,'F',NULL,NULL,NULL,NULL,NULL,NULL,'2023-01-11 18:24:52','2023-01-11 18:24:52'),(33,1,3,3,33,1,16,'F',NULL,NULL,NULL,NULL,NULL,NULL,'2023-01-11 18:24:52','2023-01-11 18:24:52'),(34,1,3,3,34,1,16,'F',NULL,NULL,NULL,NULL,NULL,NULL,'2023-01-11 18:24:52','2023-01-11 18:24:52'),(35,1,3,3,35,1,17,'F',NULL,NULL,NULL,NULL,NULL,NULL,'2023-01-11 18:24:52','2023-01-11 18:24:52'),(36,1,3,3,36,1,17,'F',NULL,NULL,NULL,NULL,NULL,NULL,'2023-01-11 18:24:52','2023-01-11 18:24:52'),(37,1,3,3,37,1,18,'F',NULL,NULL,NULL,NULL,NULL,NULL,'2023-01-11 18:24:52','2023-01-11 18:24:52'),(38,1,3,3,38,1,18,'F',NULL,NULL,NULL,NULL,NULL,NULL,'2023-01-11 18:24:52','2023-01-11 18:24:52'),(39,1,3,3,39,1,19,'F',NULL,NULL,NULL,NULL,NULL,NULL,'2023-01-11 18:24:52','2023-01-11 18:24:52'),(40,1,3,3,40,1,19,'F',NULL,NULL,NULL,NULL,NULL,NULL,'2023-01-11 18:24:52','2023-01-11 18:24:52'),(41,1,3,3,41,1,20,'F',NULL,NULL,NULL,NULL,NULL,NULL,'2023-01-11 18:24:52','2023-01-11 18:24:52'),(42,1,3,3,42,1,20,'F',NULL,NULL,NULL,NULL,NULL,NULL,'2023-01-11 18:24:52','2023-01-11 18:24:52'),(43,1,3,3,43,1,21,'F',NULL,NULL,NULL,NULL,NULL,NULL,'2023-01-11 18:24:52','2023-01-11 18:24:52'),(44,1,3,3,44,1,21,'F',NULL,NULL,NULL,NULL,NULL,NULL,'2023-01-11 18:24:52','2023-01-11 18:24:52'),(45,1,3,3,45,1,22,'F',NULL,NULL,NULL,NULL,NULL,NULL,'2023-01-11 18:24:52','2023-01-11 18:24:52'),(46,1,3,3,46,1,22,'F',NULL,NULL,NULL,NULL,NULL,NULL,'2023-01-11 18:24:52','2023-01-11 18:24:52'),(47,1,3,3,47,1,23,'F',NULL,NULL,NULL,NULL,NULL,NULL,'2023-01-11 18:24:52','2023-01-11 18:24:52'),(48,1,3,3,48,1,23,'F',NULL,NULL,NULL,NULL,NULL,NULL,'2023-01-11 18:24:52','2023-01-11 18:24:52'),(49,1,3,3,49,1,24,'F',NULL,NULL,NULL,NULL,NULL,NULL,'2023-01-11 18:24:52','2023-01-11 18:24:52'),(50,1,3,3,50,1,24,'F',NULL,NULL,NULL,NULL,NULL,NULL,'2023-01-11 18:24:52','2023-01-11 18:24:52'),(51,1,3,3,51,1,25,'F',NULL,NULL,NULL,NULL,NULL,NULL,'2023-01-11 18:24:52','2023-01-11 18:24:52'),(52,1,3,3,52,1,25,'F',NULL,NULL,NULL,NULL,NULL,NULL,'2023-01-11 18:24:52','2023-01-11 18:24:52'),(53,1,3,3,53,1,26,'F',NULL,NULL,NULL,NULL,NULL,NULL,'2023-01-11 18:24:52','2023-01-11 18:24:52'),(54,1,3,3,54,1,26,'F',NULL,NULL,NULL,NULL,NULL,NULL,'2023-01-11 18:24:52','2023-01-11 18:24:52'),(55,1,3,3,55,1,27,'F',NULL,NULL,NULL,NULL,NULL,NULL,'2023-01-11 18:24:52','2023-01-11 18:24:52'),(56,1,3,3,56,1,27,'F',NULL,NULL,NULL,NULL,NULL,NULL,'2023-01-11 18:24:52','2023-01-11 18:24:52'),(57,1,3,3,57,1,28,'F',NULL,NULL,NULL,NULL,NULL,NULL,'2023-01-11 18:24:52','2023-01-11 18:24:52'),(58,1,3,3,58,1,28,'F',NULL,NULL,NULL,NULL,NULL,NULL,'2023-01-11 18:24:52','2023-01-11 18:24:52'),(59,1,3,3,59,1,29,'F',NULL,NULL,NULL,NULL,NULL,NULL,'2023-01-11 18:24:52','2023-01-11 18:24:52'),(60,1,3,3,60,1,29,'F',NULL,NULL,NULL,NULL,NULL,NULL,'2023-01-11 18:24:52','2023-01-11 18:24:52'),(61,1,3,3,61,1,30,'F',NULL,NULL,NULL,NULL,NULL,NULL,'2023-01-11 18:24:52','2023-01-11 18:24:52'),(62,1,3,3,62,1,30,'F',NULL,NULL,NULL,NULL,NULL,NULL,'2023-01-11 18:24:52','2023-01-11 18:24:52'),(63,1,3,3,63,1,31,'F',NULL,NULL,NULL,NULL,NULL,NULL,'2023-01-11 18:24:52','2023-01-11 18:24:52'),(64,1,3,3,64,1,31,'F',NULL,NULL,NULL,NULL,NULL,NULL,'2023-01-11 18:24:52','2023-01-11 18:24:52'),(65,1,3,3,65,1,32,'F',NULL,NULL,NULL,NULL,NULL,NULL,'2023-01-11 18:24:52','2023-01-11 18:24:52'),(66,1,3,3,66,1,32,'F',NULL,NULL,NULL,NULL,NULL,NULL,'2023-01-11 18:24:52','2023-01-11 18:24:52'),(67,1,3,3,67,1,33,'F',NULL,NULL,NULL,NULL,NULL,NULL,'2023-01-11 18:24:52','2023-01-11 18:24:52'),(68,1,3,3,68,1,33,'F',NULL,NULL,NULL,NULL,NULL,NULL,'2023-01-11 18:24:52','2023-01-11 18:24:52'),(69,1,3,3,69,1,34,'F',NULL,NULL,NULL,NULL,NULL,NULL,'2023-01-11 18:24:52','2023-01-11 18:24:52'),(70,1,3,3,70,1,34,'F',NULL,NULL,NULL,NULL,NULL,NULL,'2023-01-11 18:24:52','2023-01-11 18:24:52'),(71,1,3,3,71,1,35,'F',NULL,NULL,NULL,NULL,NULL,NULL,'2023-01-11 18:24:52','2023-01-11 18:24:52'),(72,1,3,3,72,1,35,'F',NULL,NULL,NULL,NULL,NULL,NULL,'2023-01-11 18:24:52','2023-01-11 18:24:52'),(73,1,3,3,73,1,36,'F',NULL,NULL,NULL,NULL,NULL,NULL,'2023-01-11 18:24:52','2023-01-11 18:24:52'),(74,1,3,3,74,1,36,'F',NULL,NULL,NULL,NULL,NULL,NULL,'2023-01-11 18:24:52','2023-01-11 18:24:52'),(75,1,3,3,75,1,37,'F',NULL,NULL,NULL,NULL,NULL,NULL,'2023-01-11 18:24:52','2023-01-11 18:24:52'),(76,1,3,3,76,1,37,'F',NULL,NULL,NULL,NULL,NULL,NULL,'2023-01-11 18:24:52','2023-01-11 18:24:52'),(77,1,3,3,77,1,38,'F',NULL,NULL,NULL,NULL,NULL,NULL,'2023-01-11 18:24:52','2023-01-11 18:24:52'),(78,1,3,3,78,1,38,'F',NULL,NULL,NULL,NULL,NULL,NULL,'2023-01-11 18:24:52','2023-01-11 18:24:52'),(79,1,3,3,79,1,39,'F',NULL,NULL,NULL,NULL,NULL,NULL,'2023-01-11 18:24:52','2023-01-11 18:24:52'),(80,1,3,3,80,1,39,'F',NULL,NULL,NULL,NULL,NULL,NULL,'2023-01-11 18:24:52','2023-01-11 18:24:52'),(81,1,3,3,81,1,40,'F',NULL,NULL,NULL,NULL,NULL,NULL,'2023-01-11 18:24:52','2023-01-11 18:24:52'),(82,1,3,3,82,1,40,'F',NULL,NULL,NULL,NULL,NULL,NULL,'2023-01-11 18:24:52','2023-01-11 18:24:52'),(83,1,3,3,83,1,41,'F',NULL,NULL,NULL,NULL,NULL,NULL,'2023-01-11 18:24:52','2023-01-11 18:24:52'),(84,1,3,3,84,1,41,'F',NULL,NULL,NULL,NULL,NULL,NULL,'2023-01-11 18:24:52','2023-01-11 18:24:52'),(85,1,3,3,85,1,42,'F',NULL,NULL,NULL,NULL,NULL,NULL,'2023-01-11 18:24:52','2023-01-11 18:24:52'),(86,1,3,3,86,1,42,'F',NULL,NULL,NULL,NULL,NULL,NULL,'2023-01-11 18:24:52','2023-01-11 18:24:52'),(87,1,3,3,87,1,43,'F',NULL,NULL,NULL,NULL,NULL,NULL,'2023-01-11 18:24:52','2023-01-11 18:24:52'),(88,1,3,3,88,1,43,'F',NULL,NULL,NULL,NULL,NULL,NULL,'2023-01-11 18:24:52','2023-01-11 18:24:52'),(89,1,3,3,89,1,44,'F',NULL,NULL,NULL,NULL,NULL,NULL,'2023-01-11 18:24:52','2023-01-11 18:24:52'),(90,1,3,3,90,1,44,'F',NULL,NULL,NULL,NULL,NULL,NULL,'2023-01-11 18:24:52','2023-01-11 18:24:52'),(91,1,3,3,91,1,45,'F',NULL,NULL,NULL,NULL,NULL,NULL,'2023-01-11 18:24:52','2023-01-11 18:24:52'),(92,1,3,3,92,1,45,'F',NULL,NULL,NULL,NULL,NULL,NULL,'2023-01-11 18:24:52','2023-01-11 18:24:52'),(93,1,3,3,93,1,46,'F',NULL,NULL,NULL,NULL,NULL,NULL,'2023-01-11 18:24:52','2023-01-11 18:24:52'),(94,1,3,3,94,1,46,'F',NULL,NULL,NULL,NULL,NULL,NULL,'2023-01-11 18:24:52','2023-01-11 18:24:52'),(95,1,3,3,95,1,47,'F',NULL,NULL,NULL,NULL,NULL,NULL,'2023-01-11 18:24:52','2023-01-11 18:24:52'),(96,1,3,3,96,1,47,'F',NULL,NULL,NULL,NULL,NULL,NULL,'2023-01-11 18:24:52','2023-01-11 18:24:52'),(97,1,3,3,97,1,48,'F',NULL,NULL,NULL,NULL,NULL,NULL,'2023-01-11 18:24:52','2023-01-11 18:24:52'),(98,1,3,3,98,1,48,'F',NULL,NULL,NULL,NULL,NULL,NULL,'2023-01-11 18:24:52','2023-01-11 18:24:52'),(99,1,3,3,99,1,0,'F',NULL,NULL,NULL,NULL,NULL,NULL,'2023-01-11 18:24:52','2023-01-11 18:24:52'),(100,1,3,3,100,1,0,'F',NULL,NULL,NULL,NULL,NULL,NULL,'2023-01-11 18:24:52','2023-01-11 18:24:52'),(101,1,3,3,1,2,0,'F',NULL,NULL,NULL,NULL,NULL,NULL,'2023-01-11 18:25:36','2023-01-11 18:26:02'),(102,1,3,3,2,2,0,'F',NULL,NULL,NULL,NULL,NULL,NULL,'2023-01-11 18:25:36','2023-01-11 18:26:02'),(103,1,3,3,3,2,1,'F',NULL,NULL,NULL,NULL,NULL,NULL,'2023-01-11 18:25:36','2023-01-11 18:26:02'),(104,1,3,3,4,2,1,'F',NULL,NULL,NULL,NULL,NULL,NULL,'2023-01-11 18:25:36','2023-01-11 18:26:02'),(105,1,3,3,5,2,2,'F',NULL,NULL,NULL,NULL,NULL,NULL,'2023-01-11 18:25:36','2023-01-11 18:26:02'),(106,1,3,3,6,2,2,'F',NULL,NULL,NULL,NULL,NULL,NULL,'2023-01-11 18:25:36','2023-01-11 18:26:02'),(107,1,3,3,7,2,3,'F',NULL,NULL,NULL,NULL,NULL,NULL,'2023-01-11 18:25:36','2023-01-11 18:26:02'),(108,1,3,3,8,2,3,'F',NULL,NULL,NULL,NULL,NULL,NULL,'2023-01-11 18:25:36','2023-01-11 18:26:02'),(109,1,3,3,9,2,4,'F',NULL,NULL,NULL,NULL,NULL,NULL,'2023-01-11 18:25:36','2023-01-11 18:26:02'),(110,1,3,3,10,2,4,'F',NULL,NULL,NULL,NULL,NULL,NULL,'2023-01-11 18:25:36','2023-01-11 18:26:02'),(111,1,3,3,11,2,5,'F',NULL,NULL,NULL,NULL,NULL,NULL,'2023-01-11 18:25:36','2023-01-11 18:26:02'),(112,1,3,3,12,2,5,'F',NULL,NULL,NULL,NULL,NULL,NULL,'2023-01-11 18:25:36','2023-01-11 18:26:02'),(113,1,3,3,13,2,6,'F',NULL,NULL,NULL,NULL,NULL,NULL,'2023-01-11 18:25:36','2023-01-11 18:26:02'),(114,1,3,3,14,2,6,'F',NULL,NULL,NULL,NULL,NULL,NULL,'2023-01-11 18:25:36','2023-01-11 18:26:02'),(115,1,3,3,15,2,7,'F',NULL,NULL,NULL,NULL,NULL,NULL,'2023-01-11 18:25:36','2023-01-11 18:26:02'),(116,1,3,3,16,2,7,'F',NULL,NULL,NULL,NULL,NULL,NULL,'2023-01-11 18:25:36','2023-01-11 18:26:02'),(117,1,3,3,17,2,8,'F',NULL,NULL,NULL,NULL,NULL,NULL,'2023-01-11 18:25:36','2023-01-11 18:26:02'),(118,1,3,3,18,2,8,'F',NULL,NULL,NULL,NULL,NULL,NULL,'2023-01-11 18:25:36','2023-01-11 18:26:02'),(119,1,3,3,19,2,9,'F',NULL,NULL,NULL,NULL,NULL,NULL,'2023-01-11 18:25:36','2023-01-11 18:26:02'),(120,1,3,3,20,2,9,'F',NULL,NULL,NULL,NULL,NULL,NULL,'2023-01-11 18:25:36','2023-01-11 18:26:02'),(121,1,3,3,21,2,10,'F',NULL,NULL,NULL,NULL,NULL,NULL,'2023-01-11 18:25:36','2023-01-11 18:26:02'),(122,1,3,3,22,2,10,'F',NULL,NULL,NULL,NULL,NULL,NULL,'2023-01-11 18:25:36','2023-01-11 18:26:02'),(123,1,3,3,23,2,11,'F',NULL,NULL,NULL,NULL,NULL,NULL,'2023-01-11 18:25:36','2023-01-11 18:26:02'),(124,1,3,3,24,2,11,'F',NULL,NULL,NULL,NULL,NULL,NULL,'2023-01-11 18:25:36','2023-01-11 18:26:02'),(125,1,3,3,25,2,12,'F',NULL,NULL,NULL,NULL,NULL,NULL,'2023-01-11 18:25:36','2023-01-11 18:26:02'),(126,1,3,3,26,2,12,'F',NULL,NULL,NULL,NULL,NULL,NULL,'2023-01-11 18:25:36','2023-01-11 18:26:02'),(127,1,3,3,27,2,13,'F',NULL,NULL,NULL,NULL,NULL,NULL,'2023-01-11 18:25:36','2023-01-11 18:26:02'),(128,1,3,3,28,2,13,'F',NULL,NULL,NULL,NULL,NULL,NULL,'2023-01-11 18:25:36','2023-01-11 18:26:02'),(129,1,3,3,29,2,14,'F',NULL,NULL,NULL,NULL,NULL,NULL,'2023-01-11 18:25:36','2023-01-11 18:26:02'),(130,1,3,3,30,2,14,'F',NULL,NULL,NULL,NULL,NULL,NULL,'2023-01-11 18:25:36','2023-01-11 18:26:02'),(131,1,3,3,31,2,15,'F',NULL,NULL,NULL,NULL,NULL,NULL,'2023-01-11 18:25:36','2023-01-11 18:26:02'),(132,1,3,3,32,2,15,'F',NULL,NULL,NULL,NULL,NULL,NULL,'2023-01-11 18:25:36','2023-01-11 18:26:02'),(133,1,3,3,33,2,16,'F',NULL,NULL,NULL,NULL,NULL,NULL,'2023-01-11 18:25:36','2023-01-11 18:26:02'),(134,1,3,3,34,2,16,'F',NULL,NULL,NULL,NULL,NULL,NULL,'2023-01-11 18:25:36','2023-01-11 18:26:02'),(135,1,3,3,35,2,17,'F',NULL,NULL,NULL,NULL,NULL,NULL,'2023-01-11 18:25:36','2023-01-11 18:26:02'),(136,1,3,3,36,2,17,'F',NULL,NULL,NULL,NULL,NULL,NULL,'2023-01-11 18:25:36','2023-01-11 18:26:02'),(137,1,3,3,37,2,18,'F',NULL,NULL,NULL,NULL,NULL,NULL,'2023-01-11 18:25:36','2023-01-11 18:26:02'),(138,1,3,3,38,2,18,'F',NULL,NULL,NULL,NULL,NULL,NULL,'2023-01-11 18:25:36','2023-01-11 18:26:02'),(139,1,3,3,39,2,19,'F',NULL,NULL,NULL,NULL,NULL,NULL,'2023-01-11 18:25:36','2023-01-11 18:26:02'),(140,1,3,3,40,2,19,'F',NULL,NULL,NULL,NULL,NULL,NULL,'2023-01-11 18:25:36','2023-01-11 18:26:02'),(141,1,3,3,41,2,20,'F',NULL,NULL,NULL,NULL,NULL,NULL,'2023-01-11 18:25:36','2023-01-11 18:26:02'),(142,1,3,3,42,2,20,'F',NULL,NULL,NULL,NULL,NULL,NULL,'2023-01-11 18:25:36','2023-01-11 18:26:02'),(143,1,3,3,43,2,21,'F',NULL,NULL,NULL,NULL,NULL,NULL,'2023-01-11 18:25:36','2023-01-11 18:26:02'),(144,1,3,3,44,2,21,'F',NULL,NULL,NULL,NULL,NULL,NULL,'2023-01-11 18:25:36','2023-01-11 18:26:02'),(145,1,3,3,45,2,22,'F',NULL,NULL,NULL,NULL,NULL,NULL,'2023-01-11 18:25:36','2023-01-11 18:26:02'),(146,1,3,3,46,2,22,'F',NULL,NULL,NULL,NULL,NULL,NULL,'2023-01-11 18:25:36','2023-01-11 18:26:02'),(147,1,3,3,47,2,23,'F',NULL,NULL,NULL,NULL,NULL,NULL,'2023-01-11 18:25:36','2023-01-11 18:26:02'),(148,1,3,3,48,2,23,'F',NULL,NULL,NULL,NULL,NULL,NULL,'2023-01-11 18:25:36','2023-01-11 18:26:02'),(149,1,3,3,49,2,24,'F',NULL,NULL,NULL,NULL,NULL,NULL,'2023-01-11 18:25:36','2023-01-11 18:26:02'),(150,1,3,3,50,2,24,'F',NULL,NULL,NULL,NULL,NULL,NULL,'2023-01-11 18:25:36','2023-01-11 18:26:02'),(151,1,3,3,51,2,25,'F',NULL,NULL,NULL,NULL,NULL,NULL,'2023-01-11 18:25:36','2023-01-11 18:26:02'),(152,1,3,3,52,2,25,'F',NULL,NULL,NULL,NULL,NULL,NULL,'2023-01-11 18:25:36','2023-01-11 18:26:02'),(153,1,3,3,53,2,26,'F',NULL,NULL,NULL,NULL,NULL,NULL,'2023-01-11 18:25:36','2023-01-11 18:26:02'),(154,1,3,3,54,2,26,'F',NULL,NULL,NULL,NULL,NULL,NULL,'2023-01-11 18:25:36','2023-01-11 18:26:02'),(155,1,3,3,55,2,27,'F',NULL,NULL,NULL,NULL,NULL,NULL,'2023-01-11 18:25:36','2023-01-11 18:26:02'),(156,1,3,3,56,2,27,'F',NULL,NULL,NULL,NULL,NULL,NULL,'2023-01-11 18:25:36','2023-01-11 18:26:02'),(157,1,3,3,57,2,28,'F',NULL,NULL,NULL,NULL,NULL,NULL,'2023-01-11 18:25:36','2023-01-11 18:26:02'),(158,1,3,3,58,2,28,'F',NULL,NULL,NULL,NULL,NULL,NULL,'2023-01-11 18:25:36','2023-01-11 18:26:02'),(159,1,3,3,59,2,29,'F',NULL,NULL,NULL,NULL,NULL,NULL,'2023-01-11 18:25:36','2023-01-11 18:26:02'),(160,1,3,3,60,2,29,'F',NULL,NULL,NULL,NULL,NULL,NULL,'2023-01-11 18:25:36','2023-01-11 18:26:02'),(161,1,3,3,61,2,30,'F',NULL,NULL,NULL,NULL,NULL,NULL,'2023-01-11 18:25:36','2023-01-11 18:26:02'),(162,1,3,3,62,2,30,'F',NULL,NULL,NULL,NULL,NULL,NULL,'2023-01-11 18:25:36','2023-01-11 18:26:02'),(163,1,3,3,63,2,31,'F',NULL,NULL,NULL,NULL,NULL,NULL,'2023-01-11 18:25:36','2023-01-11 18:26:02'),(164,1,3,3,64,2,31,'F',NULL,NULL,NULL,NULL,NULL,NULL,'2023-01-11 18:25:36','2023-01-11 18:26:02'),(165,1,3,3,65,2,32,'F',NULL,NULL,NULL,NULL,NULL,NULL,'2023-01-11 18:25:36','2023-01-11 18:26:02'),(166,1,3,3,66,2,32,'F',NULL,NULL,NULL,NULL,NULL,NULL,'2023-01-11 18:25:36','2023-01-11 18:26:02'),(167,1,3,3,67,2,33,'F',NULL,NULL,NULL,NULL,NULL,NULL,'2023-01-11 18:25:36','2023-01-11 18:26:02'),(168,1,3,3,68,2,33,'F',NULL,NULL,NULL,NULL,NULL,NULL,'2023-01-11 18:25:36','2023-01-11 18:26:02'),(169,1,3,3,69,2,34,'F',NULL,NULL,NULL,NULL,NULL,NULL,'2023-01-11 18:25:36','2023-01-11 18:26:02'),(170,1,3,3,70,2,34,'F',NULL,NULL,NULL,NULL,NULL,NULL,'2023-01-11 18:25:36','2023-01-11 18:26:02'),(171,1,3,3,71,2,35,'F',NULL,NULL,NULL,NULL,NULL,NULL,'2023-01-11 18:25:36','2023-01-11 18:26:02'),(172,1,3,3,72,2,35,'F',NULL,NULL,NULL,NULL,NULL,NULL,'2023-01-11 18:25:36','2023-01-11 18:26:02'),(173,1,3,3,73,2,36,'F',NULL,NULL,NULL,NULL,NULL,NULL,'2023-01-11 18:25:36','2023-01-11 18:26:02'),(174,1,3,3,74,2,36,'F',NULL,NULL,NULL,NULL,NULL,NULL,'2023-01-11 18:25:36','2023-01-11 18:26:02'),(175,1,3,3,75,2,37,'F',NULL,NULL,NULL,NULL,NULL,NULL,'2023-01-11 18:25:36','2023-01-11 18:26:02'),(176,1,3,3,76,2,37,'F',NULL,NULL,NULL,NULL,NULL,NULL,'2023-01-11 18:25:36','2023-01-11 18:26:02'),(177,1,3,3,77,2,38,'F',NULL,NULL,NULL,NULL,NULL,NULL,'2023-01-11 18:25:36','2023-01-11 18:26:02'),(178,1,3,3,78,2,38,'F',NULL,NULL,NULL,NULL,NULL,NULL,'2023-01-11 18:25:36','2023-01-11 18:26:02'),(179,1,3,3,79,2,39,'F',NULL,NULL,NULL,NULL,NULL,NULL,'2023-01-11 18:25:36','2023-01-11 18:26:02'),(180,1,3,3,80,2,39,'F',NULL,NULL,NULL,NULL,NULL,NULL,'2023-01-11 18:25:36','2023-01-11 18:26:02'),(181,1,3,3,81,2,40,'F',NULL,NULL,NULL,NULL,NULL,NULL,'2023-01-11 18:25:36','2023-01-11 18:26:02'),(182,1,3,3,82,2,40,'F',NULL,NULL,NULL,NULL,NULL,NULL,'2023-01-11 18:25:36','2023-01-11 18:26:02'),(183,1,3,3,83,2,41,'F',NULL,NULL,NULL,NULL,NULL,NULL,'2023-01-11 18:25:36','2023-01-11 18:26:02'),(184,1,3,3,84,2,41,'F',NULL,NULL,NULL,NULL,NULL,NULL,'2023-01-11 18:25:36','2023-01-11 18:26:02'),(185,1,3,3,85,2,42,'F',NULL,NULL,NULL,NULL,NULL,NULL,'2023-01-11 18:25:36','2023-01-11 18:26:02'),(186,1,3,3,86,2,42,'F',NULL,NULL,NULL,NULL,NULL,NULL,'2023-01-11 18:25:36','2023-01-11 18:26:02'),(187,1,3,3,87,2,43,'F',NULL,NULL,NULL,NULL,NULL,NULL,'2023-01-11 18:25:36','2023-01-11 18:26:02'),(188,1,3,3,88,2,43,'F',NULL,NULL,NULL,NULL,NULL,NULL,'2023-01-11 18:25:36','2023-01-11 18:26:02'),(189,1,3,3,89,2,44,'F',NULL,NULL,NULL,NULL,NULL,NULL,'2023-01-11 18:25:36','2023-01-11 18:26:02'),(190,1,3,3,90,2,44,'F',NULL,NULL,NULL,NULL,NULL,NULL,'2023-01-11 18:25:36','2023-01-11 18:26:02'),(191,1,3,3,91,2,45,'F',NULL,NULL,NULL,NULL,NULL,NULL,'2023-01-11 18:25:36','2023-01-11 18:26:02'),(192,1,3,3,92,2,45,'F',NULL,NULL,NULL,NULL,NULL,NULL,'2023-01-11 18:25:36','2023-01-11 18:26:02'),(193,1,3,3,93,2,46,'F',NULL,NULL,NULL,NULL,NULL,NULL,'2023-01-11 18:25:36','2023-01-11 18:26:02'),(194,1,3,3,94,2,46,'F',NULL,NULL,NULL,NULL,NULL,NULL,'2023-01-11 18:25:36','2023-01-11 18:26:02'),(195,1,3,3,95,2,47,'F',NULL,NULL,NULL,NULL,NULL,NULL,'2023-01-11 18:25:36','2023-01-11 18:26:02'),(196,1,3,3,96,2,47,'F',NULL,NULL,NULL,NULL,NULL,NULL,'2023-01-11 18:25:36','2023-01-11 18:26:02'),(197,1,3,3,97,2,48,'F',NULL,NULL,NULL,NULL,NULL,NULL,'2023-01-11 18:25:36','2023-01-11 18:26:02'),(198,1,3,3,98,2,48,'F',NULL,NULL,NULL,NULL,NULL,NULL,'2023-01-11 18:25:36','2023-01-11 18:26:02'),(199,1,3,3,99,2,0,'F',NULL,NULL,NULL,NULL,NULL,NULL,'2023-01-11 18:25:36','2023-01-11 18:26:02'),(200,1,3,3,100,2,0,'F',NULL,NULL,NULL,NULL,NULL,NULL,'2023-01-11 18:25:36','2023-01-11 18:26:02'),(201,1,3,3,101,2,0,'F',NULL,NULL,NULL,NULL,NULL,NULL,'2023-01-11 18:26:02','2023-01-11 18:26:02'),(202,1,3,3,102,2,0,'F',NULL,NULL,NULL,NULL,NULL,NULL,'2023-01-11 18:26:02','2023-01-11 18:26:02'),(203,1,3,3,103,2,0,'F',NULL,NULL,NULL,NULL,NULL,NULL,'2023-01-11 18:26:02','2023-01-11 18:26:02'),(204,1,3,3,104,2,0,'F',NULL,NULL,NULL,NULL,NULL,NULL,'2023-01-11 18:26:02','2023-01-11 18:26:02'),(205,1,3,3,105,2,0,'F',NULL,NULL,NULL,NULL,NULL,NULL,'2023-01-11 18:26:02','2023-01-11 18:26:02'),(206,1,3,3,106,2,0,'F',NULL,NULL,NULL,NULL,NULL,NULL,'2023-01-11 18:26:02','2023-01-11 18:26:02'),(207,1,3,3,107,2,0,'F',NULL,NULL,NULL,NULL,NULL,NULL,'2023-01-11 18:26:02','2023-01-11 18:26:02'),(208,1,3,3,108,2,0,'F',NULL,NULL,NULL,NULL,NULL,NULL,'2023-01-11 18:26:02','2023-01-11 18:26:02'),(209,1,3,3,109,2,0,'F',NULL,NULL,NULL,NULL,NULL,NULL,'2023-01-11 18:26:02','2023-01-11 18:26:02'),(210,1,3,3,110,2,0,'F',NULL,NULL,NULL,NULL,NULL,NULL,'2023-01-11 18:26:02','2023-01-11 18:26:02'),(211,1,3,3,111,2,0,'F',NULL,NULL,NULL,NULL,NULL,NULL,'2023-01-11 18:26:02','2023-01-11 18:26:02'),(212,1,3,3,112,2,0,'F',NULL,NULL,NULL,NULL,NULL,NULL,'2023-01-11 18:26:02','2023-01-11 18:26:02'),(213,1,3,3,113,2,0,'F',NULL,NULL,NULL,NULL,NULL,NULL,'2023-01-11 18:26:02','2023-01-11 18:26:02'),(214,1,3,3,114,2,0,'F',NULL,NULL,NULL,NULL,NULL,NULL,'2023-01-11 18:26:02','2023-01-11 18:26:02'),(215,1,3,3,115,2,0,'F',NULL,NULL,NULL,NULL,NULL,NULL,'2023-01-11 18:26:02','2023-01-11 18:26:02'),(216,1,3,3,116,2,0,'F',NULL,NULL,NULL,NULL,NULL,NULL,'2023-01-11 18:26:02','2023-01-11 18:26:02'),(217,1,3,3,117,2,0,'F',NULL,NULL,NULL,NULL,NULL,NULL,'2023-01-11 18:26:02','2023-01-11 18:26:02'),(218,1,3,3,118,2,0,'F',NULL,NULL,NULL,NULL,NULL,NULL,'2023-01-11 18:26:02','2023-01-11 18:26:02'),(219,1,3,3,119,2,0,'F',NULL,NULL,NULL,NULL,NULL,NULL,'2023-01-11 18:26:02','2023-01-11 18:26:02'),(220,1,3,3,120,2,0,'F',NULL,NULL,NULL,NULL,NULL,NULL,'2023-01-11 18:26:02','2023-01-11 18:26:02'),(221,1,3,3,121,2,0,'F',NULL,NULL,NULL,NULL,NULL,NULL,'2023-01-11 18:26:02','2023-01-11 18:26:02'),(222,1,3,3,122,2,0,'F',NULL,NULL,NULL,NULL,NULL,NULL,'2023-01-11 18:26:02','2023-01-11 18:26:02'),(223,1,3,3,123,2,0,'F',NULL,NULL,NULL,NULL,NULL,NULL,'2023-01-11 18:26:02','2023-01-11 18:26:02'),(224,1,3,3,124,2,0,'F',NULL,NULL,NULL,NULL,NULL,NULL,'2023-01-11 18:26:02','2023-01-11 18:26:02'),(225,1,3,3,125,2,0,'F',NULL,NULL,NULL,NULL,NULL,NULL,'2023-01-11 18:26:02','2023-01-11 18:26:02'),(226,1,3,3,126,2,0,'F',NULL,NULL,NULL,NULL,NULL,NULL,'2023-01-11 18:26:02','2023-01-11 18:26:02'),(227,1,3,3,127,2,0,'F',NULL,NULL,NULL,NULL,NULL,NULL,'2023-01-11 18:26:02','2023-01-11 18:26:02'),(228,1,3,3,128,2,0,'F',NULL,NULL,NULL,NULL,NULL,NULL,'2023-01-11 18:26:02','2023-01-11 18:26:02'),(229,1,3,3,129,2,0,'F',NULL,NULL,NULL,NULL,NULL,NULL,'2023-01-11 18:26:02','2023-01-11 18:26:02'),(230,1,3,3,130,2,0,'F',NULL,NULL,NULL,NULL,NULL,NULL,'2023-01-11 18:26:02','2023-01-11 18:26:02'),(231,1,3,3,131,2,0,'F',NULL,NULL,NULL,NULL,NULL,NULL,'2023-01-11 18:26:02','2023-01-11 18:26:02'),(232,1,3,3,132,2,0,'F',NULL,NULL,NULL,NULL,NULL,NULL,'2023-01-11 18:26:02','2023-01-11 18:26:02'),(233,1,3,3,133,2,0,'F',NULL,NULL,NULL,NULL,NULL,NULL,'2023-01-11 18:26:02','2023-01-11 18:26:02'),(234,1,3,3,134,2,0,'F',NULL,NULL,NULL,NULL,NULL,NULL,'2023-01-11 18:26:02','2023-01-11 18:26:02'),(235,1,3,3,135,2,0,'F',NULL,NULL,NULL,NULL,NULL,NULL,'2023-01-11 18:26:02','2023-01-11 18:26:02'),(236,1,3,3,136,2,0,'F',NULL,NULL,NULL,NULL,NULL,NULL,'2023-01-11 18:26:02','2023-01-11 18:26:02'),(237,1,3,3,137,2,0,'F',NULL,NULL,NULL,NULL,NULL,NULL,'2023-01-11 18:26:02','2023-01-11 18:26:02'),(238,1,3,3,138,2,0,'F',NULL,NULL,NULL,NULL,NULL,NULL,'2023-01-11 18:26:02','2023-01-11 18:26:02'),(239,1,3,3,139,2,0,'F',NULL,NULL,NULL,NULL,NULL,NULL,'2023-01-11 18:26:02','2023-01-11 18:26:02'),(240,1,3,3,140,2,0,'F',NULL,NULL,NULL,NULL,NULL,NULL,'2023-01-11 18:26:02','2023-01-11 18:26:02'),(241,1,3,3,141,2,0,'F',NULL,NULL,NULL,NULL,NULL,NULL,'2023-01-11 18:26:02','2023-01-11 18:26:02'),(242,1,3,3,142,2,0,'F',NULL,NULL,NULL,NULL,NULL,NULL,'2023-01-11 18:26:02','2023-01-11 18:26:02'),(243,1,3,3,143,2,0,'F',NULL,NULL,NULL,NULL,NULL,NULL,'2023-01-11 18:26:02','2023-01-11 18:26:02'),(244,1,3,3,144,2,0,'F',NULL,NULL,NULL,NULL,NULL,NULL,'2023-01-11 18:26:02','2023-01-11 18:26:02'),(245,1,3,3,145,2,0,'F',NULL,NULL,NULL,NULL,NULL,NULL,'2023-01-11 18:26:02','2023-01-11 18:26:02'),(246,1,3,3,146,2,0,'F',NULL,NULL,NULL,NULL,NULL,NULL,'2023-01-11 18:26:02','2023-01-11 18:26:02'),(247,1,3,3,147,2,0,'F',NULL,NULL,NULL,NULL,NULL,NULL,'2023-01-11 18:26:02','2023-01-11 18:26:02'),(248,1,3,3,148,2,0,'F',NULL,NULL,NULL,NULL,NULL,NULL,'2023-01-11 18:26:02','2023-01-11 18:26:02'),(249,1,3,3,149,2,0,'F',NULL,NULL,NULL,NULL,NULL,NULL,'2023-01-11 18:26:02','2023-01-11 18:26:02'),(250,1,3,3,150,2,0,'F',NULL,NULL,NULL,NULL,NULL,NULL,'2023-01-11 18:26:02','2023-01-11 18:26:02'),(251,1,3,3,151,2,0,'F',NULL,NULL,NULL,NULL,NULL,NULL,'2023-01-11 18:26:02','2023-01-11 18:26:02'),(252,1,3,3,152,2,0,'F',NULL,NULL,NULL,NULL,NULL,NULL,'2023-01-11 18:26:02','2023-01-11 18:26:02'),(253,1,3,3,153,2,0,'F',NULL,NULL,NULL,NULL,NULL,NULL,'2023-01-11 18:26:02','2023-01-11 18:26:02'),(254,1,3,3,154,2,0,'F',NULL,NULL,NULL,NULL,NULL,NULL,'2023-01-11 18:26:02','2023-01-11 18:26:02'),(255,1,3,3,155,2,0,'F',NULL,NULL,NULL,NULL,NULL,NULL,'2023-01-11 18:26:02','2023-01-11 18:26:02'),(256,1,3,3,156,2,0,'F',NULL,NULL,NULL,NULL,NULL,NULL,'2023-01-11 18:26:02','2023-01-11 18:26:02'),(257,1,3,3,157,2,0,'F',NULL,NULL,NULL,NULL,NULL,NULL,'2023-01-11 18:26:02','2023-01-11 18:26:02'),(258,1,3,3,158,2,0,'F',NULL,NULL,NULL,NULL,NULL,NULL,'2023-01-11 18:26:02','2023-01-11 18:26:02'),(259,1,3,3,159,2,0,'F',NULL,NULL,NULL,NULL,NULL,NULL,'2023-01-11 18:26:02','2023-01-11 18:26:02'),(260,1,3,3,160,2,0,'F',NULL,NULL,NULL,NULL,NULL,NULL,'2023-01-11 18:26:02','2023-01-11 18:26:02'),(261,1,3,3,161,2,0,'F',NULL,NULL,NULL,NULL,NULL,NULL,'2023-01-11 18:26:02','2023-01-11 18:26:02'),(262,1,3,3,162,2,0,'F',NULL,NULL,NULL,NULL,NULL,NULL,'2023-01-11 18:26:02','2023-01-11 18:26:02'),(263,1,3,3,163,2,0,'F',NULL,NULL,NULL,NULL,NULL,NULL,'2023-01-11 18:26:02','2023-01-11 18:26:02'),(264,1,3,3,164,2,0,'F',NULL,NULL,NULL,NULL,NULL,NULL,'2023-01-11 18:26:02','2023-01-11 18:26:02'),(265,1,3,3,165,2,0,'F',NULL,NULL,NULL,NULL,NULL,NULL,'2023-01-11 18:26:02','2023-01-11 18:26:02'),(266,1,3,3,166,2,0,'F',NULL,NULL,NULL,NULL,NULL,NULL,'2023-01-11 18:26:02','2023-01-11 18:26:02'),(267,1,3,3,167,2,0,'F',NULL,NULL,NULL,NULL,NULL,NULL,'2023-01-11 18:26:02','2023-01-11 18:26:02'),(268,1,3,3,168,2,0,'F',NULL,NULL,NULL,NULL,NULL,NULL,'2023-01-11 18:26:02','2023-01-11 18:26:02'),(269,1,3,3,169,2,0,'F',NULL,NULL,NULL,NULL,NULL,NULL,'2023-01-11 18:26:02','2023-01-11 18:26:02'),(270,1,3,3,170,2,0,'F',NULL,NULL,NULL,NULL,NULL,NULL,'2023-01-11 18:26:02','2023-01-11 18:26:02'),(271,1,3,3,171,2,0,'F',NULL,NULL,NULL,NULL,NULL,NULL,'2023-01-11 18:26:02','2023-01-11 18:26:02'),(272,1,3,3,172,2,0,'F',NULL,NULL,NULL,NULL,NULL,NULL,'2023-01-11 18:26:02','2023-01-11 18:26:02'),(273,1,3,3,173,2,0,'F',NULL,NULL,NULL,NULL,NULL,NULL,'2023-01-11 18:26:02','2023-01-11 18:26:02'),(274,1,3,3,174,2,0,'F',NULL,NULL,NULL,NULL,NULL,NULL,'2023-01-11 18:26:02','2023-01-11 18:26:02'),(275,1,3,3,175,2,0,'F',NULL,NULL,NULL,NULL,NULL,NULL,'2023-01-11 18:26:02','2023-01-11 18:26:02'),(276,1,3,3,176,2,0,'F',NULL,NULL,NULL,NULL,NULL,NULL,'2023-01-11 18:26:02','2023-01-11 18:26:02'),(277,1,3,3,177,2,0,'F',NULL,NULL,NULL,NULL,NULL,NULL,'2023-01-11 18:26:02','2023-01-11 18:26:02'),(278,1,3,3,178,2,0,'F',NULL,NULL,NULL,NULL,NULL,NULL,'2023-01-11 18:26:02','2023-01-11 18:26:02'),(279,1,3,3,179,2,0,'F',NULL,NULL,NULL,NULL,NULL,NULL,'2023-01-11 18:26:02','2023-01-11 18:26:02'),(280,1,3,3,180,2,0,'F',NULL,NULL,NULL,NULL,NULL,NULL,'2023-01-11 18:26:02','2023-01-11 18:26:02'),(281,1,3,3,181,2,0,'F',NULL,NULL,NULL,NULL,NULL,NULL,'2023-01-11 18:26:02','2023-01-11 18:26:02'),(282,1,3,3,182,2,0,'F',NULL,NULL,NULL,NULL,NULL,NULL,'2023-01-11 18:26:02','2023-01-11 18:26:02'),(283,1,3,3,183,2,0,'F',NULL,NULL,NULL,NULL,NULL,NULL,'2023-01-11 18:26:02','2023-01-11 18:26:02'),(284,1,3,3,184,2,0,'F',NULL,NULL,NULL,NULL,NULL,NULL,'2023-01-11 18:26:02','2023-01-11 18:26:02'),(285,1,3,3,185,2,0,'F',NULL,NULL,NULL,NULL,NULL,NULL,'2023-01-11 18:26:02','2023-01-11 18:26:02'),(286,1,3,3,186,2,0,'F',NULL,NULL,NULL,NULL,NULL,NULL,'2023-01-11 18:26:02','2023-01-11 18:26:02'),(287,1,3,3,187,2,0,'F',NULL,NULL,NULL,NULL,NULL,NULL,'2023-01-11 18:26:02','2023-01-11 18:26:02'),(288,1,3,3,188,2,0,'F',NULL,NULL,NULL,NULL,NULL,NULL,'2023-01-11 18:26:02','2023-01-11 18:26:02'),(289,1,3,3,189,2,0,'F',NULL,NULL,NULL,NULL,NULL,NULL,'2023-01-11 18:26:02','2023-01-11 18:26:02'),(290,1,3,3,190,2,0,'F',NULL,NULL,NULL,NULL,NULL,NULL,'2023-01-11 18:26:02','2023-01-11 18:26:02'),(291,1,3,3,191,2,0,'F',NULL,NULL,NULL,NULL,NULL,NULL,'2023-01-11 18:26:02','2023-01-11 18:26:02'),(292,1,3,3,192,2,0,'F',NULL,NULL,NULL,NULL,NULL,NULL,'2023-01-11 18:26:02','2023-01-11 18:26:02'),(293,1,3,3,193,2,0,'F',NULL,NULL,NULL,NULL,NULL,NULL,'2023-01-11 18:26:02','2023-01-11 18:26:02'),(294,1,3,3,194,2,0,'F',NULL,NULL,NULL,NULL,NULL,NULL,'2023-01-11 18:26:02','2023-01-11 18:26:02'),(295,1,3,3,195,2,0,'F',NULL,NULL,NULL,NULL,NULL,NULL,'2023-01-11 18:26:02','2023-01-11 18:26:02'),(296,1,3,3,196,2,0,'F',NULL,NULL,NULL,NULL,NULL,NULL,'2023-01-11 18:26:02','2023-01-11 18:26:02'),(297,1,3,3,197,2,0,'F',NULL,NULL,NULL,NULL,NULL,NULL,'2023-01-11 18:26:02','2023-01-11 18:26:02'),(298,1,3,3,198,2,0,'F',NULL,NULL,NULL,NULL,NULL,NULL,'2023-01-11 18:26:02','2023-01-11 18:26:02'),(299,1,3,3,199,2,0,'F',NULL,NULL,NULL,NULL,NULL,NULL,'2023-01-11 18:26:02','2023-01-11 18:26:02'),(300,1,3,3,200,2,0,'F',NULL,NULL,NULL,NULL,NULL,NULL,'2023-01-11 18:26:02','2023-01-11 18:26:02'),(301,2,2,3,1,2,0,'F',NULL,NULL,NULL,NULL,NULL,NULL,'2023-01-11 19:04:26','2023-01-11 19:04:26'),(302,2,2,3,2,2,0,'F',NULL,NULL,NULL,NULL,NULL,NULL,'2023-01-11 19:04:26','2023-01-11 19:04:26'),(303,2,2,3,3,2,1,'F',NULL,NULL,NULL,NULL,NULL,NULL,'2023-01-11 19:04:26','2023-01-11 19:04:26'),(304,2,2,3,4,2,1,'F',NULL,NULL,NULL,NULL,NULL,NULL,'2023-01-11 19:04:26','2023-01-11 19:04:26'),(305,2,2,3,5,2,2,'F',NULL,NULL,NULL,NULL,NULL,NULL,'2023-01-11 19:04:26','2023-01-11 19:04:26'),(306,2,2,3,6,2,2,'F',NULL,NULL,NULL,NULL,NULL,NULL,'2023-01-11 19:04:26','2023-01-11 19:04:26'),(307,2,2,3,7,2,3,'F',NULL,NULL,NULL,NULL,NULL,NULL,'2023-01-11 19:04:26','2023-01-11 19:04:26'),(308,2,2,3,8,2,3,'F',NULL,NULL,NULL,NULL,NULL,NULL,'2023-01-11 19:04:26','2023-01-11 19:04:26'),(309,2,2,3,9,2,4,'F',NULL,NULL,NULL,NULL,NULL,NULL,'2023-01-11 19:04:26','2023-01-11 19:04:26'),(310,2,2,3,10,2,4,'F',NULL,NULL,NULL,NULL,NULL,NULL,'2023-01-11 19:04:26','2023-01-11 19:04:26'),(311,2,2,3,11,2,5,'F',NULL,NULL,NULL,NULL,NULL,NULL,'2023-01-11 19:04:26','2023-01-11 19:04:26'),(312,2,2,3,12,2,5,'F',NULL,NULL,NULL,NULL,NULL,NULL,'2023-01-11 19:04:26','2023-01-11 19:04:26'),(313,2,2,3,13,2,6,'F',NULL,NULL,NULL,NULL,NULL,NULL,'2023-01-11 19:04:26','2023-01-11 19:04:26'),(314,2,2,3,14,2,6,'F',NULL,NULL,NULL,NULL,NULL,NULL,'2023-01-11 19:04:26','2023-01-11 19:04:26'),(315,2,2,3,15,2,7,'F',NULL,NULL,NULL,NULL,NULL,NULL,'2023-01-11 19:04:26','2023-01-11 19:04:26'),(316,2,2,3,16,2,7,'F',NULL,NULL,NULL,NULL,NULL,NULL,'2023-01-11 19:04:26','2023-01-11 19:04:26'),(317,2,2,3,17,2,8,'F',NULL,NULL,NULL,NULL,NULL,NULL,'2023-01-11 19:04:26','2023-01-11 19:04:26'),(318,2,2,3,18,2,8,'F',NULL,NULL,NULL,NULL,NULL,NULL,'2023-01-11 19:04:26','2023-01-11 19:04:26'),(319,2,2,3,19,2,9,'F',NULL,NULL,NULL,NULL,NULL,NULL,'2023-01-11 19:04:26','2023-01-11 19:04:26'),(320,2,2,3,20,2,9,'F',NULL,NULL,NULL,NULL,NULL,NULL,'2023-01-11 19:04:26','2023-01-11 19:04:26'),(321,2,2,3,21,2,10,'F',NULL,NULL,NULL,NULL,NULL,NULL,'2023-01-11 19:04:26','2023-01-11 19:04:26'),(322,2,2,3,22,2,10,'F',NULL,NULL,NULL,NULL,NULL,NULL,'2023-01-11 19:04:26','2023-01-11 19:04:26'),(323,2,2,3,23,2,11,'F',NULL,NULL,NULL,NULL,NULL,NULL,'2023-01-11 19:04:26','2023-01-11 19:04:26'),(324,2,2,3,24,2,11,'F',NULL,NULL,NULL,NULL,NULL,NULL,'2023-01-11 19:04:26','2023-01-11 19:04:26'),(325,2,2,3,25,2,12,'F',NULL,NULL,NULL,NULL,NULL,NULL,'2023-01-11 19:04:26','2023-01-11 19:04:26'),(326,2,2,3,26,2,12,'F',NULL,NULL,NULL,NULL,NULL,NULL,'2023-01-11 19:04:26','2023-01-11 19:04:26'),(327,2,2,3,27,2,13,'F',NULL,NULL,NULL,NULL,NULL,NULL,'2023-01-11 19:04:26','2023-01-11 19:04:26'),(328,2,2,3,28,2,13,'F',NULL,NULL,NULL,NULL,NULL,NULL,'2023-01-11 19:04:26','2023-01-11 19:04:26'),(329,2,2,3,29,2,14,'F',NULL,NULL,NULL,NULL,NULL,NULL,'2023-01-11 19:04:26','2023-01-11 19:04:26'),(330,2,2,3,30,2,14,'F',NULL,NULL,NULL,NULL,NULL,NULL,'2023-01-11 19:04:26','2023-01-11 19:04:26'),(331,2,2,3,31,2,15,'F',NULL,NULL,NULL,NULL,NULL,NULL,'2023-01-11 19:04:26','2023-01-11 19:04:26'),(332,2,2,3,32,2,15,'F',NULL,NULL,NULL,NULL,NULL,NULL,'2023-01-11 19:04:26','2023-01-11 19:04:26'),(333,2,2,3,33,2,16,'F',NULL,NULL,NULL,NULL,NULL,NULL,'2023-01-11 19:04:26','2023-01-11 19:04:26'),(334,2,2,3,34,2,16,'F',NULL,NULL,NULL,NULL,NULL,NULL,'2023-01-11 19:04:26','2023-01-11 19:04:26'),(335,2,2,3,35,2,17,'F',NULL,NULL,NULL,NULL,NULL,NULL,'2023-01-11 19:04:26','2023-01-11 19:04:26'),(336,2,2,3,36,2,17,'F',NULL,NULL,NULL,NULL,NULL,NULL,'2023-01-11 19:04:26','2023-01-11 19:04:26'),(337,2,2,3,37,2,18,'F',NULL,NULL,NULL,NULL,NULL,NULL,'2023-01-11 19:04:26','2023-01-11 19:04:26'),(338,2,2,3,38,2,18,'F',NULL,NULL,NULL,NULL,NULL,NULL,'2023-01-11 19:04:26','2023-01-11 19:04:26'),(339,2,2,3,39,2,19,'F',NULL,NULL,NULL,NULL,NULL,NULL,'2023-01-11 19:04:26','2023-01-11 19:04:26'),(340,2,2,3,40,2,19,'F',NULL,NULL,NULL,NULL,NULL,NULL,'2023-01-11 19:04:26','2023-01-11 19:04:26'),(341,2,2,3,41,2,20,'F',NULL,NULL,NULL,NULL,NULL,NULL,'2023-01-11 19:04:26','2023-01-11 19:04:26'),(342,2,2,3,42,2,20,'F',NULL,NULL,NULL,NULL,NULL,NULL,'2023-01-11 19:04:26','2023-01-11 19:04:26'),(343,2,2,3,43,2,21,'F',NULL,NULL,NULL,NULL,NULL,NULL,'2023-01-11 19:04:26','2023-01-11 19:04:26'),(344,2,2,3,44,2,21,'F',NULL,NULL,NULL,NULL,NULL,NULL,'2023-01-11 19:04:26','2023-01-11 19:04:26'),(345,2,2,3,45,2,22,'F',NULL,NULL,NULL,NULL,NULL,NULL,'2023-01-11 19:04:26','2023-01-11 19:04:26'),(346,2,2,3,46,2,22,'F',NULL,NULL,NULL,NULL,NULL,NULL,'2023-01-11 19:04:26','2023-01-11 19:04:26'),(347,2,2,3,47,2,23,'F',NULL,NULL,NULL,NULL,NULL,NULL,'2023-01-11 19:04:26','2023-01-11 19:04:26'),(348,2,2,3,48,2,23,'F',NULL,NULL,NULL,NULL,NULL,NULL,'2023-01-11 19:04:26','2023-01-11 19:04:26'),(349,2,2,3,49,2,24,'F',NULL,NULL,NULL,NULL,NULL,NULL,'2023-01-11 19:04:26','2023-01-11 19:04:26'),(350,2,2,3,50,2,24,'F',NULL,NULL,NULL,NULL,NULL,NULL,'2023-01-11 19:04:26','2023-01-11 19:04:26'),(351,2,2,3,51,2,25,'F',NULL,NULL,NULL,NULL,NULL,NULL,'2023-01-11 19:04:26','2023-01-11 19:04:26'),(352,2,2,3,52,2,25,'F',NULL,NULL,NULL,NULL,NULL,NULL,'2023-01-11 19:04:26','2023-01-11 19:04:26'),(353,2,2,3,53,2,26,'F',NULL,NULL,NULL,NULL,NULL,NULL,'2023-01-11 19:04:26','2023-01-11 19:04:26'),(354,2,2,3,54,2,26,'F',NULL,NULL,NULL,NULL,NULL,NULL,'2023-01-11 19:04:26','2023-01-11 19:04:26'),(355,2,2,3,55,2,27,'F',NULL,NULL,NULL,NULL,NULL,NULL,'2023-01-11 19:04:26','2023-01-11 19:04:26'),(356,2,2,3,56,2,27,'F',NULL,NULL,NULL,NULL,NULL,NULL,'2023-01-11 19:04:26','2023-01-11 19:04:26'),(357,2,2,3,57,2,28,'F',NULL,NULL,NULL,NULL,NULL,NULL,'2023-01-11 19:04:26','2023-01-11 19:04:26'),(358,2,2,3,58,2,28,'F',NULL,NULL,NULL,NULL,NULL,NULL,'2023-01-11 19:04:26','2023-01-11 19:04:26'),(359,2,2,3,59,2,29,'F',NULL,NULL,NULL,NULL,NULL,NULL,'2023-01-11 19:04:26','2023-01-11 19:04:26'),(360,2,2,3,60,2,29,'F',NULL,NULL,NULL,NULL,NULL,NULL,'2023-01-11 19:04:26','2023-01-11 19:04:26'),(361,2,2,3,61,2,30,'F',NULL,NULL,NULL,NULL,NULL,NULL,'2023-01-11 19:04:26','2023-01-11 19:04:26'),(362,2,2,3,62,2,30,'F',NULL,NULL,NULL,NULL,NULL,NULL,'2023-01-11 19:04:26','2023-01-11 19:04:26'),(363,2,2,3,63,2,31,'F',NULL,NULL,NULL,NULL,NULL,NULL,'2023-01-11 19:04:26','2023-01-11 19:04:26'),(364,2,2,3,64,2,31,'F',NULL,NULL,NULL,NULL,NULL,NULL,'2023-01-11 19:04:26','2023-01-11 19:04:26'),(365,2,2,3,65,2,32,'F',NULL,NULL,NULL,NULL,NULL,NULL,'2023-01-11 19:04:26','2023-01-11 19:04:26'),(366,2,2,3,66,2,32,'F',NULL,NULL,NULL,NULL,NULL,NULL,'2023-01-11 19:04:26','2023-01-11 19:04:26'),(367,2,2,3,67,2,33,'F',NULL,NULL,NULL,NULL,NULL,NULL,'2023-01-11 19:04:26','2023-01-11 19:04:26'),(368,2,2,3,68,2,33,'F',NULL,NULL,NULL,NULL,NULL,NULL,'2023-01-11 19:04:26','2023-01-11 19:04:26'),(369,2,2,3,69,2,34,'F',NULL,NULL,NULL,NULL,NULL,NULL,'2023-01-11 19:04:26','2023-01-11 19:04:26'),(370,2,2,3,70,2,34,'F',NULL,NULL,NULL,NULL,NULL,NULL,'2023-01-11 19:04:26','2023-01-11 19:04:26'),(371,2,2,3,71,2,35,'F',NULL,NULL,NULL,NULL,NULL,NULL,'2023-01-11 19:04:26','2023-01-11 19:04:26'),(372,2,2,3,72,2,35,'F',NULL,NULL,NULL,NULL,NULL,NULL,'2023-01-11 19:04:26','2023-01-11 19:04:26'),(373,2,2,3,73,2,36,'F',NULL,NULL,NULL,NULL,NULL,NULL,'2023-01-11 19:04:26','2023-01-11 19:04:26'),(374,2,2,3,74,2,36,'F',NULL,NULL,NULL,NULL,NULL,NULL,'2023-01-11 19:04:26','2023-01-11 19:04:26'),(375,2,2,3,75,2,37,'F',NULL,NULL,NULL,NULL,NULL,NULL,'2023-01-11 19:04:26','2023-01-11 19:04:26'),(376,2,2,3,76,2,37,'F',NULL,NULL,NULL,NULL,NULL,NULL,'2023-01-11 19:04:26','2023-01-11 19:04:26'),(377,2,2,3,77,2,38,'F',NULL,NULL,NULL,NULL,NULL,NULL,'2023-01-11 19:04:26','2023-01-11 19:04:26'),(378,2,2,3,78,2,38,'F',NULL,NULL,NULL,NULL,NULL,NULL,'2023-01-11 19:04:26','2023-01-11 19:04:26'),(379,2,2,3,79,2,39,'F',NULL,NULL,NULL,NULL,NULL,NULL,'2023-01-11 19:04:26','2023-01-11 19:04:26'),(380,2,2,3,80,2,39,'F',NULL,NULL,NULL,NULL,NULL,NULL,'2023-01-11 19:04:26','2023-01-11 19:04:26'),(381,2,2,3,81,2,40,'F',NULL,NULL,NULL,NULL,NULL,NULL,'2023-01-11 19:04:26','2023-01-11 19:04:26'),(382,2,2,3,82,2,40,'F',NULL,NULL,NULL,NULL,NULL,NULL,'2023-01-11 19:04:26','2023-01-11 19:04:26'),(383,2,2,3,83,2,41,'F',NULL,NULL,NULL,NULL,NULL,NULL,'2023-01-11 19:04:26','2023-01-11 19:04:26'),(384,2,2,3,84,2,41,'F',NULL,NULL,NULL,NULL,NULL,NULL,'2023-01-11 19:04:26','2023-01-11 19:04:26'),(385,2,2,3,85,2,42,'F',NULL,NULL,NULL,NULL,NULL,NULL,'2023-01-11 19:04:26','2023-01-11 19:04:26'),(386,2,2,3,86,2,42,'F',NULL,NULL,NULL,NULL,NULL,NULL,'2023-01-11 19:04:26','2023-01-11 19:04:26'),(387,2,2,3,87,2,43,'F',NULL,NULL,NULL,NULL,NULL,NULL,'2023-01-11 19:04:26','2023-01-11 19:04:26'),(388,2,2,3,88,2,43,'F',NULL,NULL,NULL,NULL,NULL,NULL,'2023-01-11 19:04:26','2023-01-11 19:04:26'),(389,2,2,3,89,2,44,'F',NULL,NULL,NULL,NULL,NULL,NULL,'2023-01-11 19:04:26','2023-01-11 19:04:26'),(390,2,2,3,90,2,44,'F',NULL,NULL,NULL,NULL,NULL,NULL,'2023-01-11 19:04:26','2023-01-11 19:04:26'),(391,2,2,3,91,2,45,'F',NULL,NULL,NULL,NULL,NULL,NULL,'2023-01-11 19:04:26','2023-01-11 19:04:26'),(392,2,2,3,92,2,45,'F',NULL,NULL,NULL,NULL,NULL,NULL,'2023-01-11 19:04:26','2023-01-11 19:04:26'),(393,2,2,3,93,2,46,'F',NULL,NULL,NULL,NULL,NULL,NULL,'2023-01-11 19:04:26','2023-01-11 19:04:26'),(394,2,2,3,94,2,46,'F',NULL,NULL,NULL,NULL,NULL,NULL,'2023-01-11 19:04:26','2023-01-11 19:04:26'),(395,2,2,3,95,2,47,'F',NULL,NULL,NULL,NULL,NULL,NULL,'2023-01-11 19:04:26','2023-01-11 19:04:26'),(396,2,2,3,96,2,47,'F',NULL,NULL,NULL,NULL,NULL,NULL,'2023-01-11 19:04:26','2023-01-11 19:04:26'),(397,2,2,3,97,2,48,'F',NULL,NULL,NULL,NULL,NULL,NULL,'2023-01-11 19:04:26','2023-01-11 19:04:26'),(398,2,2,3,98,2,48,'F',NULL,NULL,NULL,NULL,NULL,NULL,'2023-01-11 19:04:26','2023-01-11 19:04:26'),(399,2,2,3,99,2,0,'F',NULL,NULL,NULL,NULL,NULL,NULL,'2023-01-11 19:04:26','2023-01-11 19:04:26'),(400,2,2,3,100,2,0,'F',NULL,NULL,NULL,NULL,NULL,NULL,'2023-01-11 19:04:26','2023-01-11 19:04:26'),(401,2,2,3,101,2,0,'F',NULL,NULL,NULL,NULL,NULL,NULL,'2023-01-11 19:04:26','2023-01-11 19:04:26'),(402,2,2,3,102,2,0,'F',NULL,NULL,NULL,NULL,NULL,NULL,'2023-01-11 19:04:26','2023-01-11 19:04:26'),(403,2,2,3,103,2,0,'F',NULL,NULL,NULL,NULL,NULL,NULL,'2023-01-11 19:04:26','2023-01-11 19:04:26'),(404,2,2,3,104,2,0,'F',NULL,NULL,NULL,NULL,NULL,NULL,'2023-01-11 19:04:26','2023-01-11 19:04:26'),(405,2,2,3,105,2,0,'F',NULL,NULL,NULL,NULL,NULL,NULL,'2023-01-11 19:04:26','2023-01-11 19:04:26'),(406,2,2,3,106,2,0,'F',NULL,NULL,NULL,NULL,NULL,NULL,'2023-01-11 19:04:26','2023-01-11 19:04:26'),(407,2,2,3,107,2,0,'F',NULL,NULL,NULL,NULL,NULL,NULL,'2023-01-11 19:04:26','2023-01-11 19:04:26'),(408,2,2,3,108,2,0,'F',NULL,NULL,NULL,NULL,NULL,NULL,'2023-01-11 19:04:26','2023-01-11 19:04:26'),(409,2,2,3,109,2,0,'F',NULL,NULL,NULL,NULL,NULL,NULL,'2023-01-11 19:04:26','2023-01-11 19:04:26'),(410,2,2,3,110,2,0,'F',NULL,NULL,NULL,NULL,NULL,NULL,'2023-01-11 19:04:26','2023-01-11 19:04:26'),(411,2,2,3,111,2,0,'F',NULL,NULL,NULL,NULL,NULL,NULL,'2023-01-11 19:04:26','2023-01-11 19:04:26'),(412,2,2,3,112,2,0,'F',NULL,NULL,NULL,NULL,NULL,NULL,'2023-01-11 19:04:26','2023-01-11 19:04:26'),(413,2,2,3,113,2,0,'F',NULL,NULL,NULL,NULL,NULL,NULL,'2023-01-11 19:04:26','2023-01-11 19:04:26'),(414,2,2,3,114,2,0,'F',NULL,NULL,NULL,NULL,NULL,NULL,'2023-01-11 19:04:26','2023-01-11 19:04:26'),(415,2,2,3,115,2,0,'F',NULL,NULL,NULL,NULL,NULL,NULL,'2023-01-11 19:04:26','2023-01-11 19:04:26'),(416,2,2,3,116,2,0,'F',NULL,NULL,NULL,NULL,NULL,NULL,'2023-01-11 19:04:26','2023-01-11 19:04:26'),(417,2,2,3,117,2,0,'F',NULL,NULL,NULL,NULL,NULL,NULL,'2023-01-11 19:04:26','2023-01-11 19:04:26'),(418,2,2,3,118,2,0,'F',NULL,NULL,NULL,NULL,NULL,NULL,'2023-01-11 19:04:26','2023-01-11 19:04:26'),(419,2,2,3,119,2,0,'F',NULL,NULL,NULL,NULL,NULL,NULL,'2023-01-11 19:04:26','2023-01-11 19:04:26'),(420,2,2,3,120,2,0,'F',NULL,NULL,NULL,NULL,NULL,NULL,'2023-01-11 19:04:26','2023-01-11 19:04:26'),(421,2,2,3,121,2,0,'F',NULL,NULL,NULL,NULL,NULL,NULL,'2023-01-11 19:04:26','2023-01-11 19:04:26'),(422,2,2,3,122,2,0,'F',NULL,NULL,NULL,NULL,NULL,NULL,'2023-01-11 19:04:26','2023-01-11 19:04:26'),(423,2,2,3,123,2,0,'F',NULL,NULL,NULL,NULL,NULL,NULL,'2023-01-11 19:04:26','2023-01-11 19:04:26'),(424,2,2,3,124,2,0,'F',NULL,NULL,NULL,NULL,NULL,NULL,'2023-01-11 19:04:26','2023-01-11 19:04:26'),(425,2,2,3,125,2,0,'F',NULL,NULL,NULL,NULL,NULL,NULL,'2023-01-11 19:04:26','2023-01-11 19:04:26'),(426,2,2,3,126,2,0,'F',NULL,NULL,NULL,NULL,NULL,NULL,'2023-01-11 19:04:26','2023-01-11 19:04:26'),(427,2,2,3,127,2,0,'F',NULL,NULL,NULL,NULL,NULL,NULL,'2023-01-11 19:04:26','2023-01-11 19:04:26'),(428,2,2,3,128,2,0,'F',NULL,NULL,NULL,NULL,NULL,NULL,'2023-01-11 19:04:26','2023-01-11 19:04:26'),(429,2,2,3,129,2,0,'F',NULL,NULL,NULL,NULL,NULL,NULL,'2023-01-11 19:04:26','2023-01-11 19:04:26'),(430,2,2,3,130,2,0,'F',NULL,NULL,NULL,NULL,NULL,NULL,'2023-01-11 19:04:26','2023-01-11 19:04:26'),(431,2,2,3,131,2,0,'F',NULL,NULL,NULL,NULL,NULL,NULL,'2023-01-11 19:04:26','2023-01-11 19:04:26'),(432,2,2,3,132,2,0,'F',NULL,NULL,NULL,NULL,NULL,NULL,'2023-01-11 19:04:26','2023-01-11 19:04:26'),(433,2,2,3,133,2,0,'F',NULL,NULL,NULL,NULL,NULL,NULL,'2023-01-11 19:04:26','2023-01-11 19:04:26'),(434,2,2,3,134,2,0,'F',NULL,NULL,NULL,NULL,NULL,NULL,'2023-01-11 19:04:26','2023-01-11 19:04:26'),(435,2,2,3,135,2,0,'F',NULL,NULL,NULL,NULL,NULL,NULL,'2023-01-11 19:04:26','2023-01-11 19:04:26'),(436,2,2,3,136,2,0,'F',NULL,NULL,NULL,NULL,NULL,NULL,'2023-01-11 19:04:26','2023-01-11 19:04:26'),(437,2,2,3,137,2,0,'F',NULL,NULL,NULL,NULL,NULL,NULL,'2023-01-11 19:04:26','2023-01-11 19:04:26'),(438,2,2,3,138,2,0,'F',NULL,NULL,NULL,NULL,NULL,NULL,'2023-01-11 19:04:26','2023-01-11 19:04:26'),(439,2,2,3,139,2,0,'F',NULL,NULL,NULL,NULL,NULL,NULL,'2023-01-11 19:04:26','2023-01-11 19:04:26'),(440,2,2,3,140,2,0,'F',NULL,NULL,NULL,NULL,NULL,NULL,'2023-01-11 19:04:26','2023-01-11 19:04:26'),(441,2,2,3,141,2,0,'F',NULL,NULL,NULL,NULL,NULL,NULL,'2023-01-11 19:04:26','2023-01-11 19:04:26'),(442,2,2,3,142,2,0,'F',NULL,NULL,NULL,NULL,NULL,NULL,'2023-01-11 19:04:26','2023-01-11 19:04:26'),(443,2,2,3,143,2,0,'F',NULL,NULL,NULL,NULL,NULL,NULL,'2023-01-11 19:04:26','2023-01-11 19:04:26'),(444,2,2,3,144,2,0,'F',NULL,NULL,NULL,NULL,NULL,NULL,'2023-01-11 19:04:26','2023-01-11 19:04:26'),(445,2,2,3,145,2,0,'F',NULL,NULL,NULL,NULL,NULL,NULL,'2023-01-11 19:04:26','2023-01-11 19:04:26'),(446,2,2,3,146,2,0,'F',NULL,NULL,NULL,NULL,NULL,NULL,'2023-01-11 19:04:26','2023-01-11 19:04:26'),(447,2,2,3,147,2,0,'F',NULL,NULL,NULL,NULL,NULL,NULL,'2023-01-11 19:04:26','2023-01-11 19:04:26'),(448,2,2,3,148,2,0,'F',NULL,NULL,NULL,NULL,NULL,NULL,'2023-01-11 19:04:26','2023-01-11 19:04:26'),(449,2,2,3,149,2,0,'F',NULL,NULL,NULL,NULL,NULL,NULL,'2023-01-11 19:04:26','2023-01-11 19:04:26'),(450,2,2,3,150,2,0,'F',NULL,NULL,NULL,NULL,NULL,NULL,'2023-01-11 19:04:26','2023-01-11 19:04:26'),(451,2,2,3,151,2,0,'F',NULL,NULL,NULL,NULL,NULL,NULL,'2023-01-11 19:04:26','2023-01-11 19:04:26'),(452,2,2,3,152,2,0,'F',NULL,NULL,NULL,NULL,NULL,NULL,'2023-01-11 19:04:26','2023-01-11 19:04:26'),(453,2,2,3,153,2,0,'F',NULL,NULL,NULL,NULL,NULL,NULL,'2023-01-11 19:04:26','2023-01-11 19:04:26'),(454,2,2,3,154,2,0,'F',NULL,NULL,NULL,NULL,NULL,NULL,'2023-01-11 19:04:26','2023-01-11 19:04:26'),(455,2,2,3,155,2,0,'F',NULL,NULL,NULL,NULL,NULL,NULL,'2023-01-11 19:04:26','2023-01-11 19:04:26'),(456,2,2,3,156,2,0,'F',NULL,NULL,NULL,NULL,NULL,NULL,'2023-01-11 19:04:26','2023-01-11 19:04:26'),(457,2,2,3,157,2,0,'F',NULL,NULL,NULL,NULL,NULL,NULL,'2023-01-11 19:04:26','2023-01-11 19:04:26'),(458,2,2,3,158,2,0,'F',NULL,NULL,NULL,NULL,NULL,NULL,'2023-01-11 19:04:26','2023-01-11 19:04:26'),(459,2,2,3,159,2,0,'F',NULL,NULL,NULL,NULL,NULL,NULL,'2023-01-11 19:04:26','2023-01-11 19:04:26'),(460,2,2,3,160,2,0,'F',NULL,NULL,NULL,NULL,NULL,NULL,'2023-01-11 19:04:26','2023-01-11 19:04:26'),(461,2,2,3,161,2,0,'F',NULL,NULL,NULL,NULL,NULL,NULL,'2023-01-11 19:04:26','2023-01-11 19:04:26'),(462,2,2,3,162,2,0,'F',NULL,NULL,NULL,NULL,NULL,NULL,'2023-01-11 19:04:26','2023-01-11 19:04:26'),(463,2,2,3,163,2,0,'F',NULL,NULL,NULL,NULL,NULL,NULL,'2023-01-11 19:04:26','2023-01-11 19:04:26'),(464,2,2,3,164,2,0,'F',NULL,NULL,NULL,NULL,NULL,NULL,'2023-01-11 19:04:26','2023-01-11 19:04:26'),(465,2,2,3,165,2,0,'F',NULL,NULL,NULL,NULL,NULL,NULL,'2023-01-11 19:04:26','2023-01-11 19:04:26'),(466,2,2,3,166,2,0,'F',NULL,NULL,NULL,NULL,NULL,NULL,'2023-01-11 19:04:26','2023-01-11 19:04:26'),(467,2,2,3,167,2,0,'F',NULL,NULL,NULL,NULL,NULL,NULL,'2023-01-11 19:04:26','2023-01-11 19:04:26'),(468,2,2,3,168,2,0,'F',NULL,NULL,NULL,NULL,NULL,NULL,'2023-01-11 19:04:26','2023-01-11 19:04:26'),(469,2,2,3,169,2,0,'F',NULL,NULL,NULL,NULL,NULL,NULL,'2023-01-11 19:04:26','2023-01-11 19:04:26'),(470,2,2,3,170,2,0,'F',NULL,NULL,NULL,NULL,NULL,NULL,'2023-01-11 19:04:26','2023-01-11 19:04:26'),(471,2,2,3,171,2,0,'F',NULL,NULL,NULL,NULL,NULL,NULL,'2023-01-11 19:04:26','2023-01-11 19:04:26'),(472,2,2,3,172,2,0,'F',NULL,NULL,NULL,NULL,NULL,NULL,'2023-01-11 19:04:26','2023-01-11 19:04:26'),(473,2,2,3,173,2,0,'F',NULL,NULL,NULL,NULL,NULL,NULL,'2023-01-11 19:04:26','2023-01-11 19:04:26'),(474,2,2,3,174,2,0,'F',NULL,NULL,NULL,NULL,NULL,NULL,'2023-01-11 19:04:26','2023-01-11 19:04:26'),(475,2,2,3,175,2,0,'F',NULL,NULL,NULL,NULL,NULL,NULL,'2023-01-11 19:04:26','2023-01-11 19:04:26'),(476,2,2,3,176,2,0,'F',NULL,NULL,NULL,NULL,NULL,NULL,'2023-01-11 19:04:26','2023-01-11 19:04:26'),(477,2,2,3,177,2,0,'F',NULL,NULL,NULL,NULL,NULL,NULL,'2023-01-11 19:04:26','2023-01-11 19:04:26'),(478,2,2,3,178,2,0,'F',NULL,NULL,NULL,NULL,NULL,NULL,'2023-01-11 19:04:26','2023-01-11 19:04:26'),(479,2,2,3,179,2,0,'F',NULL,NULL,NULL,NULL,NULL,NULL,'2023-01-11 19:04:26','2023-01-11 19:04:26'),(480,2,2,3,180,2,0,'F',NULL,NULL,NULL,NULL,NULL,NULL,'2023-01-11 19:04:26','2023-01-11 19:04:26'),(481,2,2,3,181,2,0,'F',NULL,NULL,NULL,NULL,NULL,NULL,'2023-01-11 19:04:26','2023-01-11 19:04:26'),(482,2,2,3,182,2,0,'F',NULL,NULL,NULL,NULL,NULL,NULL,'2023-01-11 19:04:26','2023-01-11 19:04:26'),(483,2,2,3,183,2,0,'F',NULL,NULL,NULL,NULL,NULL,NULL,'2023-01-11 19:04:26','2023-01-11 19:04:26'),(484,2,2,3,184,2,0,'F',NULL,NULL,NULL,NULL,NULL,NULL,'2023-01-11 19:04:26','2023-01-11 19:04:26'),(485,2,2,3,185,2,0,'F',NULL,NULL,NULL,NULL,NULL,NULL,'2023-01-11 19:04:26','2023-01-11 19:04:26'),(486,2,2,3,186,2,0,'F',NULL,NULL,NULL,NULL,NULL,NULL,'2023-01-11 19:04:26','2023-01-11 19:04:26'),(487,2,2,3,187,2,0,'F',NULL,NULL,NULL,NULL,NULL,NULL,'2023-01-11 19:04:26','2023-01-11 19:04:26'),(488,2,2,3,188,2,0,'F',NULL,NULL,NULL,NULL,NULL,NULL,'2023-01-11 19:04:26','2023-01-11 19:04:26'),(489,2,2,3,189,2,0,'F',NULL,NULL,NULL,NULL,NULL,NULL,'2023-01-11 19:04:26','2023-01-11 19:04:26'),(490,2,2,3,190,2,0,'F',NULL,NULL,NULL,NULL,NULL,NULL,'2023-01-11 19:04:26','2023-01-11 19:04:26'),(491,2,2,3,191,2,0,'F',NULL,NULL,NULL,NULL,NULL,NULL,'2023-01-11 19:04:26','2023-01-11 19:04:26'),(492,2,2,3,192,2,0,'F',NULL,NULL,NULL,NULL,NULL,NULL,'2023-01-11 19:04:26','2023-01-11 19:04:26'),(493,2,2,3,193,2,0,'F',NULL,NULL,NULL,NULL,NULL,NULL,'2023-01-11 19:04:26','2023-01-11 19:04:26'),(494,2,2,3,194,2,0,'F',NULL,NULL,NULL,NULL,NULL,NULL,'2023-01-11 19:04:26','2023-01-11 19:04:26'),(495,2,2,3,195,2,0,'F',NULL,NULL,NULL,NULL,NULL,NULL,'2023-01-11 19:04:26','2023-01-11 19:04:26'),(496,2,2,3,196,2,0,'F',NULL,NULL,NULL,NULL,NULL,NULL,'2023-01-11 19:04:26','2023-01-11 19:04:26'),(497,2,2,3,197,2,0,'F',NULL,NULL,NULL,NULL,NULL,NULL,'2023-01-11 19:04:26','2023-01-11 19:04:26'),(498,2,2,3,198,2,0,'F',NULL,NULL,NULL,NULL,NULL,NULL,'2023-01-11 19:04:26','2023-01-11 19:04:26'),(499,2,2,3,199,2,0,'F',NULL,NULL,NULL,NULL,NULL,NULL,'2023-01-11 19:04:26','2023-01-11 19:04:26'),(500,2,2,3,200,2,0,'F',NULL,NULL,NULL,NULL,NULL,NULL,'2023-01-11 19:04:26','2023-01-11 19:04:26'),(501,3,4,3,1,2,0,'F',NULL,NULL,NULL,NULL,NULL,NULL,'2023-01-11 19:05:01','2023-01-11 19:05:01'),(502,3,4,3,2,2,0,'F',NULL,NULL,NULL,NULL,NULL,NULL,'2023-01-11 19:05:01','2023-01-11 19:05:01'),(503,3,4,3,3,2,1,'F',NULL,NULL,NULL,NULL,NULL,NULL,'2023-01-11 19:05:01','2023-01-11 19:05:01'),(504,3,4,3,4,2,1,'F',NULL,NULL,NULL,NULL,NULL,NULL,'2023-01-11 19:05:01','2023-01-11 19:05:01'),(505,3,4,3,5,2,2,'F',NULL,NULL,NULL,NULL,NULL,NULL,'2023-01-11 19:05:01','2023-01-11 19:05:01'),(506,3,4,3,6,2,2,'F',NULL,NULL,NULL,NULL,NULL,NULL,'2023-01-11 19:05:01','2023-01-11 19:05:01'),(507,3,4,3,7,2,3,'F',NULL,NULL,NULL,NULL,NULL,NULL,'2023-01-11 19:05:01','2023-01-11 19:05:01'),(508,3,4,3,8,2,3,'F',NULL,NULL,NULL,NULL,NULL,NULL,'2023-01-11 19:05:01','2023-01-11 19:05:01'),(509,3,4,3,9,2,4,'F',NULL,NULL,NULL,NULL,NULL,NULL,'2023-01-11 19:05:01','2023-01-11 19:05:01'),(510,3,4,3,10,2,4,'F',NULL,NULL,NULL,NULL,NULL,NULL,'2023-01-11 19:05:01','2023-01-11 19:05:01'),(511,3,4,3,11,2,5,'F',NULL,NULL,NULL,NULL,NULL,NULL,'2023-01-11 19:05:01','2023-01-11 19:05:01'),(512,3,4,3,12,2,5,'F',NULL,NULL,NULL,NULL,NULL,NULL,'2023-01-11 19:05:01','2023-01-11 19:05:01'),(513,3,4,3,13,2,6,'F',NULL,NULL,NULL,NULL,NULL,NULL,'2023-01-11 19:05:01','2023-01-11 19:05:01'),(514,3,4,3,14,2,6,'F',NULL,NULL,NULL,NULL,NULL,NULL,'2023-01-11 19:05:01','2023-01-11 19:05:01'),(515,3,4,3,15,2,7,'F',NULL,NULL,NULL,NULL,NULL,NULL,'2023-01-11 19:05:01','2023-01-11 19:05:01'),(516,3,4,3,16,2,7,'F',NULL,NULL,NULL,NULL,NULL,NULL,'2023-01-11 19:05:01','2023-01-11 19:05:01'),(517,3,4,3,17,2,8,'F',NULL,NULL,NULL,NULL,NULL,NULL,'2023-01-11 19:05:01','2023-01-11 19:05:01'),(518,3,4,3,18,2,8,'F',NULL,NULL,NULL,NULL,NULL,NULL,'2023-01-11 19:05:01','2023-01-11 19:05:01'),(519,3,4,3,19,2,9,'F',NULL,NULL,NULL,NULL,NULL,NULL,'2023-01-11 19:05:01','2023-01-11 19:05:01'),(520,3,4,3,20,2,9,'F',NULL,NULL,NULL,NULL,NULL,NULL,'2023-01-11 19:05:01','2023-01-11 19:05:01'),(521,3,4,3,21,2,10,'F',NULL,NULL,NULL,NULL,NULL,NULL,'2023-01-11 19:05:01','2023-01-11 19:05:01'),(522,3,4,3,22,2,10,'F',NULL,NULL,NULL,NULL,NULL,NULL,'2023-01-11 19:05:01','2023-01-11 19:05:01'),(523,3,4,3,23,2,11,'F',NULL,NULL,NULL,NULL,NULL,NULL,'2023-01-11 19:05:01','2023-01-11 19:05:01'),(524,3,4,3,24,2,11,'F',NULL,NULL,NULL,NULL,NULL,NULL,'2023-01-11 19:05:01','2023-01-11 19:05:01'),(525,3,4,3,25,2,12,'F',NULL,NULL,NULL,NULL,NULL,NULL,'2023-01-11 19:05:01','2023-01-11 19:05:01'),(526,3,4,3,26,2,12,'F',NULL,NULL,NULL,NULL,NULL,NULL,'2023-01-11 19:05:01','2023-01-11 19:05:01'),(527,3,4,3,27,2,13,'F',NULL,NULL,NULL,NULL,NULL,NULL,'2023-01-11 19:05:01','2023-01-11 19:05:01'),(528,3,4,3,28,2,13,'F',NULL,NULL,NULL,NULL,NULL,NULL,'2023-01-11 19:05:01','2023-01-11 19:05:01'),(529,3,4,3,29,2,14,'F',NULL,NULL,NULL,NULL,NULL,NULL,'2023-01-11 19:05:01','2023-01-11 19:05:01'),(530,3,4,3,30,2,14,'F',NULL,NULL,NULL,NULL,NULL,NULL,'2023-01-11 19:05:01','2023-01-11 19:05:01'),(531,3,4,3,31,2,15,'F',NULL,NULL,NULL,NULL,NULL,NULL,'2023-01-11 19:05:01','2023-01-11 19:05:01'),(532,3,4,3,32,2,15,'F',NULL,NULL,NULL,NULL,NULL,NULL,'2023-01-11 19:05:01','2023-01-11 19:05:01'),(533,3,4,3,33,2,16,'F',NULL,NULL,NULL,NULL,NULL,NULL,'2023-01-11 19:05:01','2023-01-11 19:05:01'),(534,3,4,3,34,2,16,'F',NULL,NULL,NULL,NULL,NULL,NULL,'2023-01-11 19:05:01','2023-01-11 19:05:01'),(535,3,4,3,35,2,17,'F',NULL,NULL,NULL,NULL,NULL,NULL,'2023-01-11 19:05:01','2023-01-11 19:05:01'),(536,3,4,3,36,2,17,'F',NULL,NULL,NULL,NULL,NULL,NULL,'2023-01-11 19:05:01','2023-01-11 19:05:01'),(537,3,4,3,37,2,18,'F',NULL,NULL,NULL,NULL,NULL,NULL,'2023-01-11 19:05:01','2023-01-11 19:05:01'),(538,3,4,3,38,2,18,'F',NULL,NULL,NULL,NULL,NULL,NULL,'2023-01-11 19:05:01','2023-01-11 19:05:01'),(539,3,4,3,39,2,19,'F',NULL,NULL,NULL,NULL,NULL,NULL,'2023-01-11 19:05:01','2023-01-11 19:05:01'),(540,3,4,3,40,2,19,'F',NULL,NULL,NULL,NULL,NULL,NULL,'2023-01-11 19:05:01','2023-01-11 19:05:01'),(541,3,4,3,41,2,20,'F',NULL,NULL,NULL,NULL,NULL,NULL,'2023-01-11 19:05:01','2023-01-11 19:05:01'),(542,3,4,3,42,2,20,'F',NULL,NULL,NULL,NULL,NULL,NULL,'2023-01-11 19:05:01','2023-01-11 19:05:01'),(543,3,4,3,43,2,21,'F',NULL,NULL,NULL,NULL,NULL,NULL,'2023-01-11 19:05:01','2023-01-11 19:05:01'),(544,3,4,3,44,2,21,'F',NULL,NULL,NULL,NULL,NULL,NULL,'2023-01-11 19:05:01','2023-01-11 19:05:01'),(545,3,4,3,45,2,22,'F',NULL,NULL,NULL,NULL,NULL,NULL,'2023-01-11 19:05:01','2023-01-11 19:05:01'),(546,3,4,3,46,2,22,'F',NULL,NULL,NULL,NULL,NULL,NULL,'2023-01-11 19:05:01','2023-01-11 19:05:01'),(547,3,4,3,47,2,23,'F',NULL,NULL,NULL,NULL,NULL,NULL,'2023-01-11 19:05:01','2023-01-11 19:05:01'),(548,3,4,3,48,2,23,'F',NULL,NULL,NULL,NULL,NULL,NULL,'2023-01-11 19:05:01','2023-01-11 19:05:01'),(549,3,4,3,49,2,24,'F',NULL,NULL,NULL,NULL,NULL,NULL,'2023-01-11 19:05:01','2023-01-11 19:05:01'),(550,3,4,3,50,2,24,'F',NULL,NULL,NULL,NULL,NULL,NULL,'2023-01-11 19:05:01','2023-01-11 19:05:01'),(551,3,4,3,51,2,25,'F',NULL,NULL,NULL,NULL,NULL,NULL,'2023-01-11 19:05:01','2023-01-11 19:05:01'),(552,3,4,3,52,2,25,'F',NULL,NULL,NULL,NULL,NULL,NULL,'2023-01-11 19:05:01','2023-01-11 19:05:01'),(553,3,4,3,53,2,26,'F',NULL,NULL,NULL,NULL,NULL,NULL,'2023-01-11 19:05:01','2023-01-11 19:05:01'),(554,3,4,3,54,2,26,'F',NULL,NULL,NULL,NULL,NULL,NULL,'2023-01-11 19:05:01','2023-01-11 19:05:01'),(555,3,4,3,55,2,27,'F',NULL,NULL,NULL,NULL,NULL,NULL,'2023-01-11 19:05:01','2023-01-11 19:05:01'),(556,3,4,3,56,2,27,'F',NULL,NULL,NULL,NULL,NULL,NULL,'2023-01-11 19:05:01','2023-01-11 19:05:01'),(557,3,4,3,57,2,28,'F',NULL,NULL,NULL,NULL,NULL,NULL,'2023-01-11 19:05:01','2023-01-11 19:05:01'),(558,3,4,3,58,2,28,'F',NULL,NULL,NULL,NULL,NULL,NULL,'2023-01-11 19:05:01','2023-01-11 19:05:01'),(559,3,4,3,59,2,29,'F',NULL,NULL,NULL,NULL,NULL,NULL,'2023-01-11 19:05:01','2023-01-11 19:05:01'),(560,3,4,3,60,2,29,'F',NULL,NULL,NULL,NULL,NULL,NULL,'2023-01-11 19:05:01','2023-01-11 19:05:01'),(561,3,4,3,61,2,30,'F',NULL,NULL,NULL,NULL,NULL,NULL,'2023-01-11 19:05:01','2023-01-11 19:05:01'),(562,3,4,3,62,2,30,'F',NULL,NULL,NULL,NULL,NULL,NULL,'2023-01-11 19:05:01','2023-01-11 19:05:01'),(563,3,4,3,63,2,31,'F',NULL,NULL,NULL,NULL,NULL,NULL,'2023-01-11 19:05:01','2023-01-11 19:05:01'),(564,3,4,3,64,2,31,'F',NULL,NULL,NULL,NULL,NULL,NULL,'2023-01-11 19:05:01','2023-01-11 19:05:01'),(565,3,4,3,65,2,32,'F',NULL,NULL,NULL,NULL,NULL,NULL,'2023-01-11 19:05:01','2023-01-11 19:05:01'),(566,3,4,3,66,2,32,'F',NULL,NULL,NULL,NULL,NULL,NULL,'2023-01-11 19:05:01','2023-01-11 19:05:01'),(567,3,4,3,67,2,33,'F',NULL,NULL,NULL,NULL,NULL,NULL,'2023-01-11 19:05:01','2023-01-11 19:05:01'),(568,3,4,3,68,2,33,'F',NULL,NULL,NULL,NULL,NULL,NULL,'2023-01-11 19:05:01','2023-01-11 19:05:01'),(569,3,4,3,69,2,34,'F',NULL,NULL,NULL,NULL,NULL,NULL,'2023-01-11 19:05:01','2023-01-11 19:05:01'),(570,3,4,3,70,2,34,'F',NULL,NULL,NULL,NULL,NULL,NULL,'2023-01-11 19:05:01','2023-01-11 19:05:01'),(571,3,4,3,71,2,35,'F',NULL,NULL,NULL,NULL,NULL,NULL,'2023-01-11 19:05:01','2023-01-11 19:05:01'),(572,3,4,3,72,2,35,'F',NULL,NULL,NULL,NULL,NULL,NULL,'2023-01-11 19:05:01','2023-01-11 19:05:01'),(573,3,4,3,73,2,36,'F',NULL,NULL,NULL,NULL,NULL,NULL,'2023-01-11 19:05:01','2023-01-11 19:05:01'),(574,3,4,3,74,2,36,'F',NULL,NULL,NULL,NULL,NULL,NULL,'2023-01-11 19:05:01','2023-01-11 19:05:01'),(575,3,4,3,75,2,37,'F',NULL,NULL,NULL,NULL,NULL,NULL,'2023-01-11 19:05:01','2023-01-11 19:05:01'),(576,3,4,3,76,2,37,'F',NULL,NULL,NULL,NULL,NULL,NULL,'2023-01-11 19:05:01','2023-01-11 19:05:01'),(577,3,4,3,77,2,38,'F',NULL,NULL,NULL,NULL,NULL,NULL,'2023-01-11 19:05:01','2023-01-11 19:05:01'),(578,3,4,3,78,2,38,'F',NULL,NULL,NULL,NULL,NULL,NULL,'2023-01-11 19:05:01','2023-01-11 19:05:01'),(579,3,4,3,79,2,39,'F',NULL,NULL,NULL,NULL,NULL,NULL,'2023-01-11 19:05:01','2023-01-11 19:05:01'),(580,3,4,3,80,2,39,'F',NULL,NULL,NULL,NULL,NULL,NULL,'2023-01-11 19:05:01','2023-01-11 19:05:01'),(581,3,4,3,81,2,40,'F',NULL,NULL,NULL,NULL,NULL,NULL,'2023-01-11 19:05:01','2023-01-11 19:05:01'),(582,3,4,3,82,2,40,'F',NULL,NULL,NULL,NULL,NULL,NULL,'2023-01-11 19:05:01','2023-01-11 19:05:01'),(583,3,4,3,83,2,41,'F',NULL,NULL,NULL,NULL,NULL,NULL,'2023-01-11 19:05:01','2023-01-11 19:05:01'),(584,3,4,3,84,2,41,'F',NULL,NULL,NULL,NULL,NULL,NULL,'2023-01-11 19:05:01','2023-01-11 19:05:01'),(585,3,4,3,85,2,42,'F',NULL,NULL,NULL,NULL,NULL,NULL,'2023-01-11 19:05:01','2023-01-11 19:05:01'),(586,3,4,3,86,2,42,'F',NULL,NULL,NULL,NULL,NULL,NULL,'2023-01-11 19:05:01','2023-01-11 19:05:01'),(587,3,4,3,87,2,43,'F',NULL,NULL,NULL,NULL,NULL,NULL,'2023-01-11 19:05:01','2023-01-11 19:05:01'),(588,3,4,3,88,2,43,'F',NULL,NULL,NULL,NULL,NULL,NULL,'2023-01-11 19:05:01','2023-01-11 19:05:01'),(589,3,4,3,89,2,44,'F',NULL,NULL,NULL,NULL,NULL,NULL,'2023-01-11 19:05:01','2023-01-11 19:05:01'),(590,3,4,3,90,2,44,'F',NULL,NULL,NULL,NULL,NULL,NULL,'2023-01-11 19:05:01','2023-01-11 19:05:01'),(591,3,4,3,91,2,45,'F',NULL,NULL,NULL,NULL,NULL,NULL,'2023-01-11 19:05:01','2023-01-11 19:05:01'),(592,3,4,3,92,2,45,'F',NULL,NULL,NULL,NULL,NULL,NULL,'2023-01-11 19:05:01','2023-01-11 19:05:01'),(593,3,4,3,93,2,46,'F',NULL,NULL,NULL,NULL,NULL,NULL,'2023-01-11 19:05:01','2023-01-11 19:05:01'),(594,3,4,3,94,2,46,'F',NULL,NULL,NULL,NULL,NULL,NULL,'2023-01-11 19:05:01','2023-01-11 19:05:01'),(595,3,4,3,95,2,47,'F',NULL,NULL,NULL,NULL,NULL,NULL,'2023-01-11 19:05:01','2023-01-11 19:05:01'),(596,3,4,3,96,2,47,'F',NULL,NULL,NULL,NULL,NULL,NULL,'2023-01-11 19:05:01','2023-01-11 19:05:01'),(597,3,4,3,97,2,48,'F',NULL,NULL,NULL,NULL,NULL,NULL,'2023-01-11 19:05:01','2023-01-11 19:05:01'),(598,3,4,3,98,2,48,'F',NULL,NULL,NULL,NULL,NULL,NULL,'2023-01-11 19:05:01','2023-01-11 19:05:01'),(599,3,4,3,99,2,0,'F',NULL,NULL,NULL,NULL,NULL,NULL,'2023-01-11 19:05:01','2023-01-11 19:05:01'),(600,3,4,3,100,2,0,'F',NULL,NULL,NULL,NULL,NULL,NULL,'2023-01-11 19:05:01','2023-01-11 19:05:01'),(601,2,2,3,1,1,0,'F',NULL,NULL,NULL,NULL,NULL,NULL,'2023-01-11 19:26:21','2023-01-11 19:26:21'),(602,2,2,3,2,1,0,'F',NULL,NULL,NULL,NULL,NULL,NULL,'2023-01-11 19:26:21','2023-01-11 19:26:21'),(603,2,2,3,3,1,1,'F',NULL,NULL,NULL,NULL,NULL,NULL,'2023-01-11 19:26:21','2023-01-11 19:26:21'),(604,2,2,3,4,1,1,'F',NULL,NULL,NULL,NULL,NULL,NULL,'2023-01-11 19:26:21','2023-01-11 19:26:21'),(605,2,2,3,5,1,2,'F',NULL,NULL,NULL,NULL,NULL,NULL,'2023-01-11 19:26:21','2023-01-11 19:26:21'),(606,2,2,3,6,1,2,'F',NULL,NULL,NULL,NULL,NULL,NULL,'2023-01-11 19:26:21','2023-01-11 19:26:21'),(607,2,2,3,7,1,3,'F',NULL,NULL,NULL,NULL,NULL,NULL,'2023-01-11 19:26:21','2023-01-11 19:26:21'),(608,2,2,3,8,1,3,'F',NULL,NULL,NULL,NULL,NULL,NULL,'2023-01-11 19:26:21','2023-01-11 19:26:21'),(609,2,2,3,9,1,4,'F',NULL,NULL,NULL,NULL,NULL,NULL,'2023-01-11 19:26:21','2023-01-11 19:26:21'),(610,2,2,3,10,1,4,'F',NULL,NULL,NULL,NULL,NULL,NULL,'2023-01-11 19:26:21','2023-01-11 19:26:21'),(611,2,2,3,11,1,5,'F',NULL,NULL,NULL,NULL,NULL,NULL,'2023-01-11 19:26:21','2023-01-11 19:26:21'),(612,2,2,3,12,1,5,'F',NULL,NULL,NULL,NULL,NULL,NULL,'2023-01-11 19:26:21','2023-01-11 19:26:21'),(613,2,2,3,13,1,6,'F',NULL,NULL,NULL,NULL,NULL,NULL,'2023-01-11 19:26:21','2023-01-11 19:26:21'),(614,2,2,3,14,1,6,'F',NULL,NULL,NULL,NULL,NULL,NULL,'2023-01-11 19:26:21','2023-01-11 19:26:21'),(615,2,2,3,15,1,7,'F',NULL,NULL,NULL,NULL,NULL,NULL,'2023-01-11 19:26:21','2023-01-11 19:26:21'),(616,2,2,3,16,1,7,'F',NULL,NULL,NULL,NULL,NULL,NULL,'2023-01-11 19:26:21','2023-01-11 19:26:21'),(617,2,2,3,17,1,8,'F',NULL,NULL,NULL,NULL,NULL,NULL,'2023-01-11 19:26:21','2023-01-11 19:26:21'),(618,2,2,3,18,1,8,'F',NULL,NULL,NULL,NULL,NULL,NULL,'2023-01-11 19:26:21','2023-01-11 19:26:21'),(619,2,2,3,19,1,9,'F',NULL,NULL,NULL,NULL,NULL,NULL,'2023-01-11 19:26:21','2023-01-11 19:26:21'),(620,2,2,3,20,1,9,'F',NULL,NULL,NULL,NULL,NULL,NULL,'2023-01-11 19:26:21','2023-01-11 19:26:21'),(621,2,2,3,21,1,10,'F',NULL,NULL,NULL,NULL,NULL,NULL,'2023-01-11 19:26:21','2023-01-11 19:26:21'),(622,2,2,3,22,1,10,'F',NULL,NULL,NULL,NULL,NULL,NULL,'2023-01-11 19:26:21','2023-01-11 19:26:21'),(623,2,2,3,23,1,11,'F',NULL,NULL,NULL,NULL,NULL,NULL,'2023-01-11 19:26:21','2023-01-11 19:26:21'),(624,2,2,3,24,1,11,'F',NULL,NULL,NULL,NULL,NULL,NULL,'2023-01-11 19:26:21','2023-01-11 19:26:21'),(625,2,2,3,25,1,12,'F',NULL,NULL,NULL,NULL,NULL,NULL,'2023-01-11 19:26:21','2023-01-11 19:26:21'),(626,2,2,3,26,1,12,'F',NULL,NULL,NULL,NULL,NULL,NULL,'2023-01-11 19:26:21','2023-01-11 19:26:21'),(627,2,2,3,27,1,13,'F',NULL,NULL,NULL,NULL,NULL,NULL,'2023-01-11 19:26:21','2023-01-11 19:26:21'),(628,2,2,3,28,1,13,'F',NULL,NULL,NULL,NULL,NULL,NULL,'2023-01-11 19:26:21','2023-01-11 19:26:21'),(629,2,2,3,29,1,14,'F',NULL,NULL,NULL,NULL,NULL,NULL,'2023-01-11 19:26:21','2023-01-11 19:26:21'),(630,2,2,3,30,1,14,'F',NULL,NULL,NULL,NULL,NULL,NULL,'2023-01-11 19:26:21','2023-01-11 19:26:21'),(631,2,2,3,31,1,15,'F',NULL,NULL,NULL,NULL,NULL,NULL,'2023-01-11 19:26:21','2023-01-11 19:26:21'),(632,2,2,3,32,1,15,'F',NULL,NULL,NULL,NULL,NULL,NULL,'2023-01-11 19:26:21','2023-01-11 19:26:21'),(633,2,2,3,33,1,16,'F',NULL,NULL,NULL,NULL,NULL,NULL,'2023-01-11 19:26:21','2023-01-11 19:26:21'),(634,2,2,3,34,1,16,'F',NULL,NULL,NULL,NULL,NULL,NULL,'2023-01-11 19:26:21','2023-01-11 19:26:21'),(635,2,2,3,35,1,17,'F',NULL,NULL,NULL,NULL,NULL,NULL,'2023-01-11 19:26:21','2023-01-11 19:26:21'),(636,2,2,3,36,1,17,'F',NULL,NULL,NULL,NULL,NULL,NULL,'2023-01-11 19:26:21','2023-01-11 19:26:21'),(637,2,2,3,37,1,18,'F',NULL,NULL,NULL,NULL,NULL,NULL,'2023-01-11 19:26:21','2023-01-11 19:26:21'),(638,2,2,3,38,1,18,'F',NULL,NULL,NULL,NULL,NULL,NULL,'2023-01-11 19:26:21','2023-01-11 19:26:21'),(639,2,2,3,39,1,19,'F',NULL,NULL,NULL,NULL,NULL,NULL,'2023-01-11 19:26:21','2023-01-11 19:26:21'),(640,2,2,3,40,1,19,'F',NULL,NULL,NULL,NULL,NULL,NULL,'2023-01-11 19:26:21','2023-01-11 19:26:21'),(641,2,2,3,41,1,20,'F',NULL,NULL,NULL,NULL,NULL,NULL,'2023-01-11 19:26:21','2023-01-11 19:26:21'),(642,2,2,3,42,1,20,'F',NULL,NULL,NULL,NULL,NULL,NULL,'2023-01-11 19:26:21','2023-01-11 19:26:21'),(643,2,2,3,43,1,21,'F',NULL,NULL,NULL,NULL,NULL,NULL,'2023-01-11 19:26:21','2023-01-11 19:26:21'),(644,2,2,3,44,1,21,'F',NULL,NULL,NULL,NULL,NULL,NULL,'2023-01-11 19:26:21','2023-01-11 19:26:21'),(645,2,2,3,45,1,22,'F',NULL,NULL,NULL,NULL,NULL,NULL,'2023-01-11 19:26:21','2023-01-11 19:26:21'),(646,2,2,3,46,1,22,'F',NULL,NULL,NULL,NULL,NULL,NULL,'2023-01-11 19:26:21','2023-01-11 19:26:21'),(647,2,2,3,47,1,23,'F',NULL,NULL,NULL,NULL,NULL,NULL,'2023-01-11 19:26:21','2023-01-11 19:26:21'),(648,2,2,3,48,1,23,'F',NULL,NULL,NULL,NULL,NULL,NULL,'2023-01-11 19:26:21','2023-01-11 19:26:21'),(649,2,2,3,49,1,24,'F',NULL,NULL,NULL,NULL,NULL,NULL,'2023-01-11 19:26:21','2023-01-11 19:26:21'),(650,2,2,3,50,1,24,'F',NULL,NULL,NULL,NULL,NULL,NULL,'2023-01-11 19:26:21','2023-01-11 19:26:21'),(651,2,2,3,51,1,25,'F',NULL,NULL,NULL,NULL,NULL,NULL,'2023-01-11 19:26:21','2023-01-11 19:26:21'),(652,2,2,3,52,1,25,'F',NULL,NULL,NULL,NULL,NULL,NULL,'2023-01-11 19:26:21','2023-01-11 19:26:21'),(653,2,2,3,53,1,26,'F',NULL,NULL,NULL,NULL,NULL,NULL,'2023-01-11 19:26:21','2023-01-11 19:26:21'),(654,2,2,3,54,1,26,'F',NULL,NULL,NULL,NULL,NULL,NULL,'2023-01-11 19:26:21','2023-01-11 19:26:21'),(655,2,2,3,55,1,27,'F',NULL,NULL,NULL,NULL,NULL,NULL,'2023-01-11 19:26:21','2023-01-11 19:26:21'),(656,2,2,3,56,1,27,'F',NULL,NULL,NULL,NULL,NULL,NULL,'2023-01-11 19:26:21','2023-01-11 19:26:21'),(657,2,2,3,57,1,28,'F',NULL,NULL,NULL,NULL,NULL,NULL,'2023-01-11 19:26:21','2023-01-11 19:26:21'),(658,2,2,3,58,1,28,'F',NULL,NULL,NULL,NULL,NULL,NULL,'2023-01-11 19:26:21','2023-01-11 19:26:21'),(659,2,2,3,59,1,29,'F',NULL,NULL,NULL,NULL,NULL,NULL,'2023-01-11 19:26:21','2023-01-11 19:26:21'),(660,2,2,3,60,1,29,'F',NULL,NULL,NULL,NULL,NULL,NULL,'2023-01-11 19:26:21','2023-01-11 19:26:21'),(661,2,2,3,61,1,30,'F',NULL,NULL,NULL,NULL,NULL,NULL,'2023-01-11 19:26:21','2023-01-11 19:26:21'),(662,2,2,3,62,1,30,'F',NULL,NULL,NULL,NULL,NULL,NULL,'2023-01-11 19:26:21','2023-01-11 19:26:21'),(663,2,2,3,63,1,31,'F',NULL,NULL,NULL,NULL,NULL,NULL,'2023-01-11 19:26:21','2023-01-11 19:26:21'),(664,2,2,3,64,1,31,'F',NULL,NULL,NULL,NULL,NULL,NULL,'2023-01-11 19:26:21','2023-01-11 19:26:21'),(665,2,2,3,65,1,32,'F',NULL,NULL,NULL,NULL,NULL,NULL,'2023-01-11 19:26:21','2023-01-11 19:26:21'),(666,2,2,3,66,1,32,'F',NULL,NULL,NULL,NULL,NULL,NULL,'2023-01-11 19:26:21','2023-01-11 19:26:21'),(667,2,2,3,67,1,33,'F',NULL,NULL,NULL,NULL,NULL,NULL,'2023-01-11 19:26:21','2023-01-11 19:26:21'),(668,2,2,3,68,1,33,'F',NULL,NULL,NULL,NULL,NULL,NULL,'2023-01-11 19:26:21','2023-01-11 19:26:21'),(669,2,2,3,69,1,34,'F',NULL,NULL,NULL,NULL,NULL,NULL,'2023-01-11 19:26:21','2023-01-11 19:26:21'),(670,2,2,3,70,1,34,'F',NULL,NULL,NULL,NULL,NULL,NULL,'2023-01-11 19:26:21','2023-01-11 19:26:21'),(671,2,2,3,71,1,35,'F',NULL,NULL,NULL,NULL,NULL,NULL,'2023-01-11 19:26:21','2023-01-11 19:26:21'),(672,2,2,3,72,1,35,'F',NULL,NULL,NULL,NULL,NULL,NULL,'2023-01-11 19:26:21','2023-01-11 19:26:21'),(673,2,2,3,73,1,36,'F',NULL,NULL,NULL,NULL,NULL,NULL,'2023-01-11 19:26:21','2023-01-11 19:26:21'),(674,2,2,3,74,1,36,'F',NULL,NULL,NULL,NULL,NULL,NULL,'2023-01-11 19:26:21','2023-01-11 19:26:21'),(675,2,2,3,75,1,37,'F',NULL,NULL,NULL,NULL,NULL,NULL,'2023-01-11 19:26:21','2023-01-11 19:26:21'),(676,2,2,3,76,1,37,'F',NULL,NULL,NULL,NULL,NULL,NULL,'2023-01-11 19:26:21','2023-01-11 19:26:21'),(677,2,2,3,77,1,38,'F',NULL,NULL,NULL,NULL,NULL,NULL,'2023-01-11 19:26:21','2023-01-11 19:26:21'),(678,2,2,3,78,1,38,'F',NULL,NULL,NULL,NULL,NULL,NULL,'2023-01-11 19:26:21','2023-01-11 19:26:21'),(679,2,2,3,79,1,39,'F',NULL,NULL,NULL,NULL,NULL,NULL,'2023-01-11 19:26:21','2023-01-11 19:26:21'),(680,2,2,3,80,1,39,'F',NULL,NULL,NULL,NULL,NULL,NULL,'2023-01-11 19:26:21','2023-01-11 19:26:21'),(681,2,2,3,81,1,40,'F',NULL,NULL,NULL,NULL,NULL,NULL,'2023-01-11 19:26:21','2023-01-11 19:26:21'),(682,2,2,3,82,1,40,'F',NULL,NULL,NULL,NULL,NULL,NULL,'2023-01-11 19:26:21','2023-01-11 19:26:21'),(683,2,2,3,83,1,41,'F',NULL,NULL,NULL,NULL,NULL,NULL,'2023-01-11 19:26:21','2023-01-11 19:26:21'),(684,2,2,3,84,1,41,'F',NULL,NULL,NULL,NULL,NULL,NULL,'2023-01-11 19:26:21','2023-01-11 19:26:21'),(685,2,2,3,85,1,42,'F',NULL,NULL,NULL,NULL,NULL,NULL,'2023-01-11 19:26:21','2023-01-11 19:26:21'),(686,2,2,3,86,1,42,'F',NULL,NULL,NULL,NULL,NULL,NULL,'2023-01-11 19:26:21','2023-01-11 19:26:21'),(687,2,2,3,87,1,43,'F',NULL,NULL,NULL,NULL,NULL,NULL,'2023-01-11 19:26:21','2023-01-11 19:26:21'),(688,2,2,3,88,1,43,'F',NULL,NULL,NULL,NULL,NULL,NULL,'2023-01-11 19:26:21','2023-01-11 19:26:21'),(689,2,2,3,89,1,44,'F',NULL,NULL,NULL,NULL,NULL,NULL,'2023-01-11 19:26:21','2023-01-11 19:26:21'),(690,2,2,3,90,1,44,'F',NULL,NULL,NULL,NULL,NULL,NULL,'2023-01-11 19:26:21','2023-01-11 19:26:21'),(691,2,2,3,91,1,45,'F',NULL,NULL,NULL,NULL,NULL,NULL,'2023-01-11 19:26:21','2023-01-11 19:26:21'),(692,2,2,3,92,1,45,'F',NULL,NULL,NULL,NULL,NULL,NULL,'2023-01-11 19:26:21','2023-01-11 19:26:21'),(693,2,2,3,93,1,46,'F',NULL,NULL,NULL,NULL,NULL,NULL,'2023-01-11 19:26:21','2023-01-11 19:26:21'),(694,2,2,3,94,1,46,'F',NULL,NULL,NULL,NULL,NULL,NULL,'2023-01-11 19:26:21','2023-01-11 19:26:21'),(695,2,2,3,95,1,47,'F',NULL,NULL,NULL,NULL,NULL,NULL,'2023-01-11 19:26:21','2023-01-11 19:26:21'),(696,2,2,3,96,1,47,'F',NULL,NULL,NULL,NULL,NULL,NULL,'2023-01-11 19:26:21','2023-01-11 19:26:21'),(697,2,2,3,97,1,48,'F',NULL,NULL,NULL,NULL,NULL,NULL,'2023-01-11 19:26:21','2023-01-11 19:26:21'),(698,2,2,3,98,1,48,'F',NULL,NULL,NULL,NULL,NULL,NULL,'2023-01-11 19:26:21','2023-01-11 19:26:21'),(699,2,2,3,99,1,0,'F',NULL,NULL,NULL,NULL,NULL,NULL,'2023-01-11 19:26:21','2023-01-11 19:26:21'),(700,2,2,3,100,1,0,'F',NULL,NULL,NULL,NULL,NULL,NULL,'2023-01-11 19:26:21','2023-01-11 19:26:21'),(701,3,4,3,1,1,0,'F',NULL,NULL,NULL,NULL,NULL,NULL,'2023-01-11 19:33:33','2023-01-15 22:40:35'),(702,3,4,3,2,1,0,'F',NULL,NULL,NULL,NULL,NULL,NULL,'2023-01-11 19:33:33','2023-01-15 22:40:35'),(703,3,4,3,3,1,1,'F',NULL,NULL,NULL,NULL,NULL,NULL,'2023-01-11 19:33:33','2023-01-15 22:40:35'),(704,3,4,3,4,1,1,'F',NULL,NULL,NULL,NULL,NULL,NULL,'2023-01-11 19:33:33','2023-01-15 22:40:35'),(705,3,4,3,5,1,2,'F',NULL,NULL,NULL,NULL,NULL,NULL,'2023-01-11 19:33:33','2023-01-15 22:40:35'),(706,3,4,3,6,1,2,'F',NULL,NULL,NULL,NULL,NULL,NULL,'2023-01-11 19:33:33','2023-01-15 22:40:35'),(707,3,4,3,7,1,3,'F',NULL,NULL,NULL,NULL,NULL,NULL,'2023-01-11 19:33:33','2023-01-15 22:40:35'),(708,3,4,3,8,1,3,'F',NULL,NULL,NULL,NULL,NULL,NULL,'2023-01-11 19:33:33','2023-01-15 22:40:35'),(709,3,4,3,9,1,4,'F',NULL,NULL,NULL,NULL,NULL,NULL,'2023-01-11 19:33:33','2023-01-15 22:40:35'),(710,3,4,3,10,1,4,'F',NULL,NULL,NULL,NULL,NULL,NULL,'2023-01-11 19:33:33','2023-01-15 22:40:35'),(711,3,4,3,11,1,5,'F',NULL,NULL,NULL,NULL,NULL,NULL,'2023-01-11 19:33:33','2023-01-15 22:40:35'),(712,3,4,3,12,1,5,'F',NULL,NULL,NULL,NULL,NULL,NULL,'2023-01-11 19:33:33','2023-01-15 22:40:35'),(713,3,4,3,13,1,6,'F',NULL,NULL,NULL,NULL,NULL,NULL,'2023-01-11 19:33:33','2023-01-15 22:40:35'),(714,3,4,3,14,1,6,'F',NULL,NULL,NULL,NULL,NULL,NULL,'2023-01-11 19:33:33','2023-01-15 22:40:35'),(715,3,4,3,15,1,7,'F',NULL,NULL,NULL,NULL,NULL,NULL,'2023-01-11 19:33:33','2023-01-15 22:40:35'),(716,3,4,3,16,1,7,'F',NULL,NULL,NULL,NULL,NULL,NULL,'2023-01-11 19:33:33','2023-01-15 22:40:35'),(717,3,4,3,17,1,8,'F',NULL,NULL,NULL,NULL,NULL,NULL,'2023-01-11 19:33:33','2023-01-15 22:40:35'),(718,3,4,3,18,1,8,'F',NULL,NULL,NULL,NULL,NULL,NULL,'2023-01-11 19:33:33','2023-01-15 22:40:35'),(719,3,4,3,19,1,9,'F',NULL,NULL,NULL,NULL,NULL,NULL,'2023-01-11 19:33:33','2023-01-15 22:40:35'),(720,3,4,3,20,1,9,'F',NULL,NULL,NULL,NULL,NULL,NULL,'2023-01-11 19:33:33','2023-01-15 22:40:35'),(721,3,4,3,21,1,10,'F',NULL,NULL,NULL,NULL,NULL,NULL,'2023-01-11 19:33:33','2023-01-15 22:40:35'),(722,3,4,3,22,1,10,'F',NULL,NULL,NULL,NULL,NULL,NULL,'2023-01-11 19:33:33','2023-01-15 22:40:35'),(723,3,4,3,23,1,11,'F',NULL,NULL,NULL,NULL,NULL,NULL,'2023-01-11 19:33:33','2023-01-15 22:40:35'),(724,3,4,3,24,1,11,'F',NULL,NULL,NULL,NULL,NULL,NULL,'2023-01-11 19:33:33','2023-01-15 22:40:35'),(725,3,4,3,25,1,12,'F',NULL,NULL,NULL,NULL,NULL,NULL,'2023-01-11 19:33:33','2023-01-15 22:40:35'),(726,3,4,3,26,1,12,'F',NULL,NULL,NULL,NULL,NULL,NULL,'2023-01-11 19:33:33','2023-01-15 22:40:35'),(727,3,4,3,27,1,13,'F',NULL,NULL,NULL,NULL,NULL,NULL,'2023-01-11 19:33:33','2023-01-15 22:40:35'),(728,3,4,3,28,1,13,'F',NULL,NULL,NULL,NULL,NULL,NULL,'2023-01-11 19:33:33','2023-01-15 22:40:35'),(729,3,4,3,29,1,14,'F',NULL,NULL,NULL,NULL,NULL,NULL,'2023-01-11 19:33:33','2023-01-15 22:40:35'),(730,3,4,3,30,1,14,'F',NULL,NULL,NULL,NULL,NULL,NULL,'2023-01-11 19:33:33','2023-01-15 22:40:35'),(731,3,4,3,31,1,15,'F',NULL,NULL,NULL,NULL,NULL,NULL,'2023-01-11 19:33:33','2023-01-15 22:40:35'),(732,3,4,3,32,1,15,'F',NULL,NULL,NULL,NULL,NULL,NULL,'2023-01-11 19:33:33','2023-01-15 22:40:35'),(733,3,4,3,33,1,16,'F',NULL,NULL,NULL,NULL,NULL,NULL,'2023-01-11 19:33:33','2023-01-15 22:40:35'),(734,3,4,3,34,1,16,'F',NULL,NULL,NULL,NULL,NULL,NULL,'2023-01-11 19:33:33','2023-01-15 22:40:35'),(735,3,4,3,35,1,17,'F',NULL,NULL,NULL,NULL,NULL,NULL,'2023-01-11 19:33:33','2023-01-15 22:40:35'),(736,3,4,3,36,1,17,'F',NULL,NULL,NULL,NULL,NULL,NULL,'2023-01-11 19:33:33','2023-01-15 22:40:35'),(737,3,4,3,37,1,18,'F',NULL,NULL,NULL,NULL,NULL,NULL,'2023-01-11 19:33:33','2023-01-15 22:40:35'),(738,3,4,3,38,1,18,'F',NULL,NULL,NULL,NULL,NULL,NULL,'2023-01-11 19:33:33','2023-01-15 22:40:35'),(739,3,4,3,39,1,19,'F',NULL,NULL,NULL,NULL,NULL,NULL,'2023-01-11 19:33:33','2023-01-15 22:40:35'),(740,3,4,3,40,1,19,'F',NULL,NULL,NULL,NULL,NULL,NULL,'2023-01-11 19:33:33','2023-01-15 22:40:35'),(741,3,4,3,41,1,20,'F',NULL,NULL,NULL,NULL,NULL,NULL,'2023-01-11 19:33:33','2023-01-15 22:40:35'),(742,3,4,3,42,1,20,'F',NULL,NULL,NULL,NULL,NULL,NULL,'2023-01-11 19:33:33','2023-01-15 22:40:35'),(743,3,4,3,43,1,21,'F',NULL,NULL,NULL,NULL,NULL,NULL,'2023-01-11 19:33:33','2023-01-15 22:40:35'),(744,3,4,3,44,1,21,'F',NULL,NULL,NULL,NULL,NULL,NULL,'2023-01-11 19:33:33','2023-01-15 22:40:35'),(745,3,4,3,45,1,22,'F',NULL,NULL,NULL,NULL,NULL,NULL,'2023-01-11 19:33:33','2023-01-15 22:40:35'),(746,3,4,3,46,1,22,'F',NULL,NULL,NULL,NULL,NULL,NULL,'2023-01-11 19:33:33','2023-01-15 22:40:35'),(747,3,4,3,47,1,23,'F',NULL,NULL,NULL,NULL,NULL,NULL,'2023-01-11 19:33:33','2023-01-15 22:40:35'),(748,3,4,3,48,1,23,'F',NULL,NULL,NULL,NULL,NULL,NULL,'2023-01-11 19:33:33','2023-01-15 22:40:35'),(749,3,4,3,49,1,24,'F',NULL,NULL,NULL,NULL,NULL,NULL,'2023-01-11 19:33:33','2023-01-15 22:40:35'),(750,3,4,3,50,1,24,'F',NULL,NULL,NULL,NULL,NULL,NULL,'2023-01-11 19:33:33','2023-01-15 22:40:35'),(751,3,4,3,51,1,25,'F',NULL,NULL,NULL,NULL,NULL,NULL,'2023-01-11 19:33:33','2023-01-15 22:40:35'),(752,3,4,3,52,1,25,'F',NULL,NULL,NULL,NULL,NULL,NULL,'2023-01-11 19:33:33','2023-01-15 22:40:35'),(753,3,4,3,53,1,26,'F',NULL,NULL,NULL,NULL,NULL,NULL,'2023-01-11 19:33:33','2023-01-15 22:40:35'),(754,3,4,3,54,1,26,'F',NULL,NULL,NULL,NULL,NULL,NULL,'2023-01-11 19:33:33','2023-01-15 22:40:35'),(755,3,4,3,55,1,27,'F',NULL,NULL,NULL,NULL,NULL,NULL,'2023-01-11 19:33:33','2023-01-15 22:40:35'),(756,3,4,3,56,1,27,'F',NULL,NULL,NULL,NULL,NULL,NULL,'2023-01-11 19:33:33','2023-01-15 22:40:35'),(757,3,4,3,57,1,28,'F',NULL,NULL,NULL,NULL,NULL,NULL,'2023-01-11 19:33:33','2023-01-15 22:40:35'),(758,3,4,3,58,1,28,'F',NULL,NULL,NULL,NULL,NULL,NULL,'2023-01-11 19:33:33','2023-01-15 22:40:35'),(759,3,4,3,59,1,29,'F',NULL,NULL,NULL,NULL,NULL,NULL,'2023-01-11 19:33:33','2023-01-15 22:40:35'),(760,3,4,3,60,1,29,'F',NULL,NULL,NULL,NULL,NULL,NULL,'2023-01-11 19:33:33','2023-01-15 22:40:35'),(761,3,4,3,61,1,30,'F',NULL,NULL,NULL,NULL,NULL,NULL,'2023-01-11 19:33:33','2023-01-15 22:40:35'),(762,3,4,3,62,1,30,'F',NULL,NULL,NULL,NULL,NULL,NULL,'2023-01-11 19:33:33','2023-01-15 22:40:35'),(763,3,4,3,63,1,31,'F',NULL,NULL,NULL,NULL,NULL,NULL,'2023-01-11 19:33:33','2023-01-15 22:40:35'),(764,3,4,3,64,1,31,'F',NULL,NULL,NULL,NULL,NULL,NULL,'2023-01-11 19:33:33','2023-01-15 22:40:35'),(765,3,4,3,65,1,32,'F',NULL,NULL,NULL,NULL,NULL,NULL,'2023-01-11 19:33:33','2023-01-15 22:40:35'),(766,3,4,3,66,1,32,'F',NULL,NULL,NULL,NULL,NULL,NULL,'2023-01-11 19:33:33','2023-01-15 22:40:35'),(767,3,4,3,67,1,33,'F',NULL,NULL,NULL,NULL,NULL,NULL,'2023-01-11 19:33:33','2023-01-15 22:40:35'),(768,3,4,3,68,1,33,'F',NULL,NULL,NULL,NULL,NULL,NULL,'2023-01-11 19:33:33','2023-01-15 22:40:35'),(769,3,4,3,69,1,34,'F',NULL,NULL,NULL,NULL,NULL,NULL,'2023-01-11 19:33:33','2023-01-15 22:40:35'),(770,3,4,3,70,1,34,'F',NULL,NULL,NULL,NULL,NULL,NULL,'2023-01-11 19:33:33','2023-01-15 22:40:35'),(771,3,4,3,71,1,35,'F',NULL,NULL,NULL,NULL,NULL,NULL,'2023-01-11 19:33:33','2023-01-15 22:40:35'),(772,3,4,3,72,1,35,'F',NULL,NULL,NULL,NULL,NULL,NULL,'2023-01-11 19:33:33','2023-01-15 22:40:35'),(773,3,4,3,73,1,36,'F',NULL,NULL,NULL,NULL,NULL,NULL,'2023-01-11 19:33:33','2023-01-15 22:40:35'),(774,3,4,3,74,1,36,'F',NULL,NULL,NULL,NULL,NULL,NULL,'2023-01-11 19:33:33','2023-01-15 22:40:35'),(775,3,4,3,75,1,37,'F',NULL,NULL,NULL,NULL,NULL,NULL,'2023-01-11 19:33:33','2023-01-15 22:40:35'),(776,3,4,3,76,1,37,'F',NULL,NULL,NULL,NULL,NULL,NULL,'2023-01-11 19:33:33','2023-01-15 22:40:35'),(777,3,4,3,77,1,38,'F',NULL,NULL,NULL,NULL,NULL,NULL,'2023-01-11 19:33:33','2023-01-15 22:40:35'),(778,3,4,3,78,1,38,'F',NULL,NULL,NULL,NULL,NULL,NULL,'2023-01-11 19:33:33','2023-01-15 22:40:35'),(779,3,4,3,79,1,39,'F',NULL,NULL,NULL,NULL,NULL,NULL,'2023-01-11 19:33:33','2023-01-15 22:40:35'),(780,3,4,3,80,1,39,'F',NULL,NULL,NULL,NULL,NULL,NULL,'2023-01-11 19:33:33','2023-01-15 22:40:35'),(781,3,4,3,81,1,40,'F',NULL,NULL,NULL,NULL,NULL,NULL,'2023-01-11 19:33:33','2023-01-15 22:40:35'),(782,3,4,3,82,1,40,'F',NULL,NULL,NULL,NULL,NULL,NULL,'2023-01-11 19:33:33','2023-01-15 22:40:35'),(783,3,4,3,83,1,41,'F',NULL,NULL,NULL,NULL,NULL,NULL,'2023-01-11 19:33:33','2023-01-15 22:40:35'),(784,3,4,3,84,1,41,'F',NULL,NULL,NULL,NULL,NULL,NULL,'2023-01-11 19:33:33','2023-01-15 22:40:35'),(785,3,4,3,85,1,42,'F',NULL,NULL,NULL,NULL,NULL,NULL,'2023-01-11 19:33:33','2023-01-15 22:40:35'),(786,3,4,3,86,1,42,'F',NULL,NULL,NULL,NULL,NULL,NULL,'2023-01-11 19:33:33','2023-01-15 22:40:35'),(787,3,4,3,87,1,43,'F',NULL,NULL,NULL,NULL,NULL,NULL,'2023-01-11 19:33:33','2023-01-15 22:40:35'),(788,3,4,3,88,1,43,'F',NULL,NULL,NULL,NULL,NULL,NULL,'2023-01-11 19:33:33','2023-01-15 22:40:35'),(789,3,4,3,89,1,44,'F',NULL,NULL,NULL,NULL,NULL,NULL,'2023-01-11 19:33:33','2023-01-15 22:40:35'),(790,3,4,3,90,1,44,'F',NULL,NULL,NULL,NULL,NULL,NULL,'2023-01-11 19:33:33','2023-01-15 22:40:35'),(791,3,4,3,91,1,45,'F',NULL,NULL,NULL,NULL,NULL,NULL,'2023-01-11 19:33:33','2023-01-15 22:40:35'),(792,3,4,3,92,1,45,'F',NULL,NULL,NULL,NULL,NULL,NULL,'2023-01-11 19:33:33','2023-01-15 22:40:35'),(793,3,4,3,93,1,46,'F',NULL,NULL,NULL,NULL,NULL,NULL,'2023-01-11 19:33:33','2023-01-15 22:40:35'),(794,3,4,3,94,1,46,'F',NULL,NULL,NULL,NULL,NULL,NULL,'2023-01-11 19:33:33','2023-01-15 22:40:35'),(795,3,4,3,95,1,47,'F',NULL,NULL,NULL,NULL,NULL,NULL,'2023-01-11 19:33:33','2023-01-15 22:40:35'),(796,3,4,3,96,1,47,'F',NULL,NULL,NULL,NULL,NULL,NULL,'2023-01-11 19:33:33','2023-01-15 22:40:35'),(797,3,4,3,97,1,48,'F',NULL,NULL,NULL,NULL,NULL,NULL,'2023-01-11 19:33:33','2023-01-15 22:40:35'),(798,3,4,3,98,1,48,'F',NULL,NULL,NULL,NULL,NULL,NULL,'2023-01-11 19:33:33','2023-01-15 22:40:35'),(799,3,4,3,99,1,0,'F',NULL,NULL,NULL,NULL,NULL,NULL,'2023-01-11 19:33:33','2023-01-15 22:40:35'),(800,3,4,3,100,1,0,'F',NULL,NULL,NULL,NULL,NULL,NULL,'2023-01-11 19:33:33','2023-01-15 22:40:35'),(801,4,4,2,1,1,0,'F',NULL,NULL,NULL,NULL,NULL,NULL,'2023-01-11 19:42:13','2023-01-11 19:42:13'),(802,4,4,2,2,1,0,'F',NULL,NULL,NULL,NULL,NULL,NULL,'2023-01-11 19:42:13','2023-01-11 19:42:13'),(803,4,4,2,3,1,1,'F',NULL,NULL,NULL,NULL,NULL,NULL,'2023-01-11 19:42:13','2023-01-11 19:42:13'),(804,4,4,2,4,1,1,'F',NULL,NULL,NULL,NULL,NULL,NULL,'2023-01-11 19:42:13','2023-01-11 19:42:13'),(805,4,4,2,5,1,2,'F',NULL,NULL,NULL,NULL,NULL,NULL,'2023-01-11 19:42:13','2023-01-11 19:42:13'),(806,4,4,2,6,1,2,'F',NULL,NULL,NULL,NULL,NULL,NULL,'2023-01-11 19:42:13','2023-01-11 19:42:13'),(807,4,4,2,7,1,3,'F',NULL,NULL,NULL,NULL,NULL,NULL,'2023-01-11 19:42:13','2023-01-11 19:42:13'),(808,4,4,2,8,1,3,'F',NULL,NULL,NULL,NULL,NULL,NULL,'2023-01-11 19:42:13','2023-01-11 19:42:13'),(809,4,4,2,9,1,4,'F',NULL,NULL,NULL,NULL,NULL,NULL,'2023-01-11 19:42:13','2023-01-11 19:42:13'),(810,4,4,2,10,1,4,'F',NULL,NULL,NULL,NULL,NULL,NULL,'2023-01-11 19:42:13','2023-01-11 19:42:13'),(811,4,4,2,11,1,5,'F',NULL,NULL,NULL,NULL,NULL,NULL,'2023-01-11 19:42:13','2023-01-11 19:42:13'),(812,4,4,2,12,1,5,'F',NULL,NULL,NULL,NULL,NULL,NULL,'2023-01-11 19:42:13','2023-01-11 19:42:13'),(813,4,4,2,13,1,6,'F',NULL,NULL,NULL,NULL,NULL,NULL,'2023-01-11 19:42:13','2023-01-11 19:42:13'),(814,4,4,2,14,1,6,'F',NULL,NULL,NULL,NULL,NULL,NULL,'2023-01-11 19:42:13','2023-01-11 19:42:13'),(815,4,4,2,15,1,7,'F',NULL,NULL,NULL,NULL,NULL,NULL,'2023-01-11 19:42:13','2023-01-11 19:42:13'),(816,4,4,2,16,1,7,'F',NULL,NULL,NULL,NULL,NULL,NULL,'2023-01-11 19:42:13','2023-01-11 19:42:13'),(817,4,4,2,17,1,8,'F',NULL,NULL,NULL,NULL,NULL,NULL,'2023-01-11 19:42:13','2023-01-11 19:42:13'),(818,4,4,2,18,1,8,'F',NULL,NULL,NULL,NULL,NULL,NULL,'2023-01-11 19:42:13','2023-01-11 19:42:13'),(819,4,4,2,19,1,9,'F',NULL,NULL,NULL,NULL,NULL,NULL,'2023-01-11 19:42:13','2023-01-11 19:42:13'),(820,4,4,2,20,1,9,'F',NULL,NULL,NULL,NULL,NULL,NULL,'2023-01-11 19:42:13','2023-01-11 19:42:13'),(821,4,4,2,21,1,10,'F',NULL,NULL,NULL,NULL,NULL,NULL,'2023-01-11 19:42:13','2023-01-11 19:42:13'),(822,4,4,2,22,1,10,'F',NULL,NULL,NULL,NULL,NULL,NULL,'2023-01-11 19:42:13','2023-01-11 19:42:13'),(823,4,4,2,23,1,11,'F',NULL,NULL,NULL,NULL,NULL,NULL,'2023-01-11 19:42:13','2023-01-11 19:42:13'),(824,4,4,2,24,1,11,'F',NULL,NULL,NULL,NULL,NULL,NULL,'2023-01-11 19:42:13','2023-01-11 19:42:13'),(825,4,4,2,25,1,12,'F',NULL,NULL,NULL,NULL,NULL,NULL,'2023-01-11 19:42:13','2023-01-11 19:42:13'),(826,4,4,2,26,1,12,'F',NULL,NULL,NULL,NULL,NULL,NULL,'2023-01-11 19:42:13','2023-01-11 19:42:13'),(827,4,4,2,27,1,13,'F',NULL,NULL,NULL,NULL,NULL,NULL,'2023-01-11 19:42:13','2023-01-11 19:42:13'),(828,4,4,2,28,1,13,'F',NULL,NULL,NULL,NULL,NULL,NULL,'2023-01-11 19:42:13','2023-01-11 19:42:13'),(829,4,4,2,29,1,14,'F',NULL,NULL,NULL,NULL,NULL,NULL,'2023-01-11 19:42:13','2023-01-11 19:42:13'),(830,4,4,2,30,1,14,'F',NULL,NULL,NULL,NULL,NULL,NULL,'2023-01-11 19:42:13','2023-01-11 19:42:13'),(831,4,4,2,31,1,15,'F',NULL,NULL,NULL,NULL,NULL,NULL,'2023-01-11 19:42:13','2023-01-11 19:42:13'),(832,4,4,2,32,1,15,'F',NULL,NULL,NULL,NULL,NULL,NULL,'2023-01-11 19:42:13','2023-01-11 19:42:13'),(833,4,4,2,33,1,16,'F',NULL,NULL,NULL,NULL,NULL,NULL,'2023-01-11 19:42:13','2023-01-11 19:42:13'),(834,4,4,2,34,1,16,'F',NULL,NULL,NULL,NULL,NULL,NULL,'2023-01-11 19:42:13','2023-01-11 19:42:13'),(835,4,4,2,35,1,17,'F',NULL,NULL,NULL,NULL,NULL,NULL,'2023-01-11 19:42:13','2023-01-11 19:42:13'),(836,4,4,2,36,1,17,'F',NULL,NULL,NULL,NULL,NULL,NULL,'2023-01-11 19:42:13','2023-01-11 19:42:13'),(837,4,4,2,37,1,18,'F',NULL,NULL,NULL,NULL,NULL,NULL,'2023-01-11 19:42:13','2023-01-11 19:42:13'),(838,4,4,2,38,1,18,'F',NULL,NULL,NULL,NULL,NULL,NULL,'2023-01-11 19:42:13','2023-01-11 19:42:13'),(839,4,4,2,39,1,19,'F',NULL,NULL,NULL,NULL,NULL,NULL,'2023-01-11 19:42:13','2023-01-11 19:42:13'),(840,4,4,2,40,1,19,'F',NULL,NULL,NULL,NULL,NULL,NULL,'2023-01-11 19:42:13','2023-01-11 19:42:13'),(841,4,4,2,41,1,20,'F',NULL,NULL,NULL,NULL,NULL,NULL,'2023-01-11 19:42:13','2023-01-11 19:42:13'),(842,4,4,2,42,1,20,'F',NULL,NULL,NULL,NULL,NULL,NULL,'2023-01-11 19:42:13','2023-01-11 19:42:13'),(843,4,4,2,43,1,21,'F',NULL,NULL,NULL,NULL,NULL,NULL,'2023-01-11 19:42:13','2023-01-11 19:42:13'),(844,4,4,2,44,1,21,'F',NULL,NULL,NULL,NULL,NULL,NULL,'2023-01-11 19:42:13','2023-01-11 19:42:13'),(845,4,4,2,45,1,22,'F',NULL,NULL,NULL,NULL,NULL,NULL,'2023-01-11 19:42:13','2023-01-11 19:42:13'),(846,4,4,2,46,1,22,'F',NULL,NULL,NULL,NULL,NULL,NULL,'2023-01-11 19:42:13','2023-01-11 19:42:13'),(847,4,4,2,47,1,23,'F',NULL,NULL,NULL,NULL,NULL,NULL,'2023-01-11 19:42:13','2023-01-11 19:42:13'),(848,4,4,2,48,1,23,'F',NULL,NULL,NULL,NULL,NULL,NULL,'2023-01-11 19:42:13','2023-01-11 19:42:13'),(849,4,4,2,49,1,24,'F',NULL,NULL,NULL,NULL,NULL,NULL,'2023-01-11 19:42:13','2023-01-11 19:42:13'),(850,4,4,2,50,1,24,'F',NULL,NULL,NULL,NULL,NULL,NULL,'2023-01-11 19:42:13','2023-01-11 19:42:13'),(851,4,4,2,51,1,25,'F',NULL,NULL,NULL,NULL,NULL,NULL,'2023-01-11 19:42:13','2023-01-11 19:42:13'),(852,4,4,2,52,1,25,'F',NULL,NULL,NULL,NULL,NULL,NULL,'2023-01-11 19:42:13','2023-01-11 19:42:13'),(853,4,4,2,53,1,26,'F',NULL,NULL,NULL,NULL,NULL,NULL,'2023-01-11 19:42:13','2023-01-11 19:42:13'),(854,4,4,2,54,1,26,'F',NULL,NULL,NULL,NULL,NULL,NULL,'2023-01-11 19:42:13','2023-01-11 19:42:13'),(855,4,4,2,55,1,27,'F',NULL,NULL,NULL,NULL,NULL,NULL,'2023-01-11 19:42:13','2023-01-11 19:42:13'),(856,4,4,2,56,1,27,'F',NULL,NULL,NULL,NULL,NULL,NULL,'2023-01-11 19:42:13','2023-01-11 19:42:13'),(857,4,4,2,57,1,28,'F',NULL,NULL,NULL,NULL,NULL,NULL,'2023-01-11 19:42:13','2023-01-11 19:42:13'),(858,4,4,2,58,1,28,'F',NULL,NULL,NULL,NULL,NULL,NULL,'2023-01-11 19:42:13','2023-01-11 19:42:13'),(859,4,4,2,59,1,29,'F',NULL,NULL,NULL,NULL,NULL,NULL,'2023-01-11 19:42:13','2023-01-11 19:42:13'),(860,4,4,2,60,1,29,'F',NULL,NULL,NULL,NULL,NULL,NULL,'2023-01-11 19:42:13','2023-01-11 19:42:13'),(861,4,4,2,61,1,30,'F',NULL,NULL,NULL,NULL,NULL,NULL,'2023-01-11 19:42:13','2023-01-11 19:42:13'),(862,4,4,2,62,1,30,'F',NULL,NULL,NULL,NULL,NULL,NULL,'2023-01-11 19:42:13','2023-01-11 19:42:13'),(863,4,4,2,63,1,31,'F',NULL,NULL,NULL,NULL,NULL,NULL,'2023-01-11 19:42:13','2023-01-11 19:42:13'),(864,4,4,2,64,1,31,'F',NULL,NULL,NULL,NULL,NULL,NULL,'2023-01-11 19:42:13','2023-01-11 19:42:13'),(865,4,4,2,65,1,32,'F',NULL,NULL,NULL,NULL,NULL,NULL,'2023-01-11 19:42:13','2023-01-11 19:42:13'),(866,4,4,2,66,1,32,'F',NULL,NULL,NULL,NULL,NULL,NULL,'2023-01-11 19:42:13','2023-01-11 19:42:13'),(867,4,4,2,67,1,33,'F',NULL,NULL,NULL,NULL,NULL,NULL,'2023-01-11 19:42:13','2023-01-11 19:42:13'),(868,4,4,2,68,1,33,'F',NULL,NULL,NULL,NULL,NULL,NULL,'2023-01-11 19:42:13','2023-01-11 19:42:13'),(869,4,4,2,69,1,34,'F',NULL,NULL,NULL,NULL,NULL,NULL,'2023-01-11 19:42:13','2023-01-11 19:42:13'),(870,4,4,2,70,1,34,'F',NULL,NULL,NULL,NULL,NULL,NULL,'2023-01-11 19:42:13','2023-01-11 19:42:13'),(871,4,4,2,71,1,35,'F',NULL,NULL,NULL,NULL,NULL,NULL,'2023-01-11 19:42:13','2023-01-11 19:42:13'),(872,4,4,2,72,1,35,'F',NULL,NULL,NULL,NULL,NULL,NULL,'2023-01-11 19:42:13','2023-01-11 19:42:13'),(873,4,4,2,73,1,36,'F',NULL,NULL,NULL,NULL,NULL,NULL,'2023-01-11 19:42:13','2023-01-11 19:42:13'),(874,4,4,2,74,1,36,'F',NULL,NULL,NULL,NULL,NULL,NULL,'2023-01-11 19:42:13','2023-01-11 19:42:13'),(875,4,4,2,75,1,37,'F',NULL,NULL,NULL,NULL,NULL,NULL,'2023-01-11 19:42:13','2023-01-11 19:42:13'),(876,4,4,2,76,1,37,'F',NULL,NULL,NULL,NULL,NULL,NULL,'2023-01-11 19:42:13','2023-01-11 19:42:13'),(877,4,4,2,77,1,38,'F',NULL,NULL,NULL,NULL,NULL,NULL,'2023-01-11 19:42:13','2023-01-11 19:42:13'),(878,4,4,2,78,1,38,'F',NULL,NULL,NULL,NULL,NULL,NULL,'2023-01-11 19:42:13','2023-01-11 19:42:13'),(879,4,4,2,79,1,39,'F',NULL,NULL,NULL,NULL,NULL,NULL,'2023-01-11 19:42:13','2023-01-11 19:42:13'),(880,4,4,2,80,1,39,'F',NULL,NULL,NULL,NULL,NULL,NULL,'2023-01-11 19:42:13','2023-01-11 19:42:13'),(881,4,4,2,81,1,40,'F',NULL,NULL,NULL,NULL,NULL,NULL,'2023-01-11 19:42:13','2023-01-11 19:42:13'),(882,4,4,2,82,1,40,'F',NULL,NULL,NULL,NULL,NULL,NULL,'2023-01-11 19:42:13','2023-01-11 19:42:13'),(883,4,4,2,83,1,41,'F',NULL,NULL,NULL,NULL,NULL,NULL,'2023-01-11 19:42:13','2023-01-11 19:42:13'),(884,4,4,2,84,1,41,'F',NULL,NULL,NULL,NULL,NULL,NULL,'2023-01-11 19:42:13','2023-01-11 19:42:13'),(885,4,4,2,85,1,42,'F',NULL,NULL,NULL,NULL,NULL,NULL,'2023-01-11 19:42:13','2023-01-11 19:42:13'),(886,4,4,2,86,1,42,'F',NULL,NULL,NULL,NULL,NULL,NULL,'2023-01-11 19:42:13','2023-01-11 19:42:13'),(887,4,4,2,87,1,43,'F',NULL,NULL,NULL,NULL,NULL,NULL,'2023-01-11 19:42:13','2023-01-11 19:42:13'),(888,4,4,2,88,1,43,'F',NULL,NULL,NULL,NULL,NULL,NULL,'2023-01-11 19:42:13','2023-01-11 19:42:13'),(889,4,4,2,89,1,44,'F',NULL,NULL,NULL,NULL,NULL,NULL,'2023-01-11 19:42:13','2023-01-11 19:42:13'),(890,4,4,2,90,1,44,'F',NULL,NULL,NULL,NULL,NULL,NULL,'2023-01-11 19:42:13','2023-01-11 19:42:13'),(891,4,4,2,91,1,45,'F',NULL,NULL,NULL,NULL,NULL,NULL,'2023-01-11 19:42:13','2023-01-11 19:42:13'),(892,4,4,2,92,1,45,'F',NULL,NULL,NULL,NULL,NULL,NULL,'2023-01-11 19:42:13','2023-01-11 19:42:13'),(893,4,4,2,93,1,46,'F',NULL,NULL,NULL,NULL,NULL,NULL,'2023-01-11 19:42:13','2023-01-11 19:42:13'),(894,4,4,2,94,1,46,'F',NULL,NULL,NULL,NULL,NULL,NULL,'2023-01-11 19:42:13','2023-01-11 19:42:13'),(895,4,4,2,95,1,47,'F',NULL,NULL,NULL,NULL,NULL,NULL,'2023-01-11 19:42:13','2023-01-11 19:42:13'),(896,4,4,2,96,1,47,'F',NULL,NULL,NULL,NULL,NULL,NULL,'2023-01-11 19:42:13','2023-01-11 19:42:13'),(897,4,4,2,97,1,48,'F',NULL,NULL,NULL,NULL,NULL,NULL,'2023-01-11 19:42:13','2023-01-11 19:42:13'),(898,4,4,2,98,1,48,'F',NULL,NULL,NULL,NULL,NULL,NULL,'2023-01-11 19:42:13','2023-01-11 19:42:13'),(899,4,4,2,99,1,0,'F',NULL,NULL,NULL,NULL,NULL,NULL,'2023-01-11 19:42:13','2023-01-11 19:42:13'),(900,4,4,2,100,1,0,'F',NULL,NULL,NULL,NULL,NULL,NULL,'2023-01-11 19:42:13','2023-01-11 19:42:13'),(901,5,2,2,1,1,0,'F',NULL,NULL,NULL,NULL,NULL,NULL,'2023-01-11 19:46:48','2023-01-11 19:46:48'),(902,5,2,2,2,1,0,'F',NULL,NULL,NULL,NULL,NULL,NULL,'2023-01-11 19:46:48','2023-01-11 19:46:48'),(903,5,2,2,3,1,1,'F',NULL,NULL,NULL,NULL,NULL,NULL,'2023-01-11 19:46:48','2023-01-11 19:46:48'),(904,5,2,2,4,1,1,'F',NULL,NULL,NULL,NULL,NULL,NULL,'2023-01-11 19:46:48','2023-01-11 19:46:48'),(905,5,2,2,5,1,2,'F',NULL,NULL,NULL,NULL,NULL,NULL,'2023-01-11 19:46:48','2023-01-11 19:46:48'),(906,5,2,2,6,1,2,'F',NULL,NULL,NULL,NULL,NULL,NULL,'2023-01-11 19:46:48','2023-01-11 19:46:48'),(907,5,2,2,7,1,3,'F',NULL,NULL,NULL,NULL,NULL,NULL,'2023-01-11 19:46:48','2023-01-11 19:46:48'),(908,5,2,2,8,1,3,'F',NULL,NULL,NULL,NULL,NULL,NULL,'2023-01-11 19:46:48','2023-01-11 19:46:48'),(909,5,2,2,9,1,4,'F',NULL,NULL,NULL,NULL,NULL,NULL,'2023-01-11 19:46:48','2023-01-11 19:46:48'),(910,5,2,2,10,1,4,'F',NULL,NULL,NULL,NULL,NULL,NULL,'2023-01-11 19:46:48','2023-01-11 19:46:48'),(911,5,2,2,11,1,5,'F',NULL,NULL,NULL,NULL,NULL,NULL,'2023-01-11 19:46:48','2023-01-11 19:46:48'),(912,5,2,2,12,1,5,'F',NULL,NULL,NULL,NULL,NULL,NULL,'2023-01-11 19:46:48','2023-01-11 19:46:48'),(913,5,2,2,13,1,6,'F',NULL,NULL,NULL,NULL,NULL,NULL,'2023-01-11 19:46:48','2023-01-11 19:46:48'),(914,5,2,2,14,1,6,'F',NULL,NULL,NULL,NULL,NULL,NULL,'2023-01-11 19:46:48','2023-01-11 19:46:48'),(915,5,2,2,15,1,7,'F',NULL,NULL,NULL,NULL,NULL,NULL,'2023-01-11 19:46:48','2023-01-11 19:46:48'),(916,5,2,2,16,1,7,'F',NULL,NULL,NULL,NULL,NULL,NULL,'2023-01-11 19:46:48','2023-01-11 19:46:48'),(917,5,2,2,17,1,8,'F',NULL,NULL,NULL,NULL,NULL,NULL,'2023-01-11 19:46:48','2023-01-11 19:46:48'),(918,5,2,2,18,1,8,'F',NULL,NULL,NULL,NULL,NULL,NULL,'2023-01-11 19:46:48','2023-01-11 19:46:48'),(919,5,2,2,19,1,9,'F',NULL,NULL,NULL,NULL,NULL,NULL,'2023-01-11 19:46:48','2023-01-11 19:46:48'),(920,5,2,2,20,1,9,'F',NULL,NULL,NULL,NULL,NULL,NULL,'2023-01-11 19:46:48','2023-01-11 19:46:48'),(921,5,2,2,21,1,10,'F',NULL,NULL,NULL,NULL,NULL,NULL,'2023-01-11 19:46:48','2023-01-11 19:46:48'),(922,5,2,2,22,1,10,'F',NULL,NULL,NULL,NULL,NULL,NULL,'2023-01-11 19:46:48','2023-01-11 19:46:48'),(923,5,2,2,23,1,11,'F',NULL,NULL,NULL,NULL,NULL,NULL,'2023-01-11 19:46:48','2023-01-11 19:46:48'),(924,5,2,2,24,1,11,'F',NULL,NULL,NULL,NULL,NULL,NULL,'2023-01-11 19:46:48','2023-01-11 19:46:48'),(925,5,2,2,25,1,12,'F',NULL,NULL,NULL,NULL,NULL,NULL,'2023-01-11 19:46:48','2023-01-11 19:46:48'),(926,5,2,2,26,1,12,'F',NULL,NULL,NULL,NULL,NULL,NULL,'2023-01-11 19:46:48','2023-01-11 19:46:48'),(927,5,2,2,27,1,13,'F',NULL,NULL,NULL,NULL,NULL,NULL,'2023-01-11 19:46:48','2023-01-11 19:46:48'),(928,5,2,2,28,1,13,'F',NULL,NULL,NULL,NULL,NULL,NULL,'2023-01-11 19:46:48','2023-01-11 19:46:48'),(929,5,2,2,29,1,14,'F',NULL,NULL,NULL,NULL,NULL,NULL,'2023-01-11 19:46:48','2023-01-11 19:46:48'),(930,5,2,2,30,1,14,'F',NULL,NULL,NULL,NULL,NULL,NULL,'2023-01-11 19:46:48','2023-01-11 19:46:48'),(931,5,2,2,31,1,15,'F',NULL,NULL,NULL,NULL,NULL,NULL,'2023-01-11 19:46:48','2023-01-11 19:46:48'),(932,5,2,2,32,1,15,'F',NULL,NULL,NULL,NULL,NULL,NULL,'2023-01-11 19:46:48','2023-01-11 19:46:48'),(933,5,2,2,33,1,16,'F',NULL,NULL,NULL,NULL,NULL,NULL,'2023-01-11 19:46:48','2023-01-11 19:46:48'),(934,5,2,2,34,1,16,'F',NULL,NULL,NULL,NULL,NULL,NULL,'2023-01-11 19:46:48','2023-01-11 19:46:48'),(935,5,2,2,35,1,17,'F',NULL,NULL,NULL,NULL,NULL,NULL,'2023-01-11 19:46:48','2023-01-11 19:46:48'),(936,5,2,2,36,1,17,'F',NULL,NULL,NULL,NULL,NULL,NULL,'2023-01-11 19:46:48','2023-01-11 19:46:48'),(937,5,2,2,37,1,18,'F',NULL,NULL,NULL,NULL,NULL,NULL,'2023-01-11 19:46:48','2023-01-11 19:46:48'),(938,5,2,2,38,1,18,'F',NULL,NULL,NULL,NULL,NULL,NULL,'2023-01-11 19:46:48','2023-01-11 19:46:48'),(939,5,2,2,39,1,19,'F',NULL,NULL,NULL,NULL,NULL,NULL,'2023-01-11 19:46:48','2023-01-11 19:46:48'),(940,5,2,2,40,1,19,'F',NULL,NULL,NULL,NULL,NULL,NULL,'2023-01-11 19:46:48','2023-01-11 19:46:48'),(941,5,2,2,41,1,20,'F',NULL,NULL,NULL,NULL,NULL,NULL,'2023-01-11 19:46:48','2023-01-11 19:46:48'),(942,5,2,2,42,1,20,'F',NULL,NULL,NULL,NULL,NULL,NULL,'2023-01-11 19:46:48','2023-01-11 19:46:48'),(943,5,2,2,43,1,21,'F',NULL,NULL,NULL,NULL,NULL,NULL,'2023-01-11 19:46:48','2023-01-11 19:46:48'),(944,5,2,2,44,1,21,'F',NULL,NULL,NULL,NULL,NULL,NULL,'2023-01-11 19:46:48','2023-01-11 19:46:48'),(945,5,2,2,45,1,22,'F',NULL,NULL,NULL,NULL,NULL,NULL,'2023-01-11 19:46:48','2023-01-11 19:46:48'),(946,5,2,2,46,1,22,'F',NULL,NULL,NULL,NULL,NULL,NULL,'2023-01-11 19:46:48','2023-01-11 19:46:48'),(947,5,2,2,47,1,23,'F',NULL,NULL,NULL,NULL,NULL,NULL,'2023-01-11 19:46:48','2023-01-11 19:46:48'),(948,5,2,2,48,1,23,'F',NULL,NULL,NULL,NULL,NULL,NULL,'2023-01-11 19:46:48','2023-01-11 19:46:48'),(949,5,2,2,49,1,24,'F',NULL,NULL,NULL,NULL,NULL,NULL,'2023-01-11 19:46:48','2023-01-11 19:46:48'),(950,5,2,2,50,1,24,'F',NULL,NULL,NULL,NULL,NULL,NULL,'2023-01-11 19:46:48','2023-01-11 19:46:48'),(951,5,2,2,51,1,25,'F',NULL,NULL,NULL,NULL,NULL,NULL,'2023-01-11 19:46:48','2023-01-11 19:46:48'),(952,5,2,2,52,1,25,'F',NULL,NULL,NULL,NULL,NULL,NULL,'2023-01-11 19:46:48','2023-01-11 19:46:48'),(953,5,2,2,53,1,26,'F',NULL,NULL,NULL,NULL,NULL,NULL,'2023-01-11 19:46:48','2023-01-11 19:46:48'),(954,5,2,2,54,1,26,'F',NULL,NULL,NULL,NULL,NULL,NULL,'2023-01-11 19:46:48','2023-01-11 19:46:48'),(955,5,2,2,55,1,27,'F',NULL,NULL,NULL,NULL,NULL,NULL,'2023-01-11 19:46:48','2023-01-11 19:46:48'),(956,5,2,2,56,1,27,'F',NULL,NULL,NULL,NULL,NULL,NULL,'2023-01-11 19:46:48','2023-01-11 19:46:48'),(957,5,2,2,57,1,28,'F',NULL,NULL,NULL,NULL,NULL,NULL,'2023-01-11 19:46:48','2023-01-11 19:46:48'),(958,5,2,2,58,1,28,'F',NULL,NULL,NULL,NULL,NULL,NULL,'2023-01-11 19:46:48','2023-01-11 19:46:48'),(959,5,2,2,59,1,29,'F',NULL,NULL,NULL,NULL,NULL,NULL,'2023-01-11 19:46:48','2023-01-11 19:46:48'),(960,5,2,2,60,1,29,'F',NULL,NULL,NULL,NULL,NULL,NULL,'2023-01-11 19:46:48','2023-01-11 19:46:48'),(961,5,2,2,61,1,30,'F',NULL,NULL,NULL,NULL,NULL,NULL,'2023-01-11 19:46:48','2023-01-11 19:46:48'),(962,5,2,2,62,1,30,'F',NULL,NULL,NULL,NULL,NULL,NULL,'2023-01-11 19:46:48','2023-01-11 19:46:48'),(963,5,2,2,63,1,31,'F',NULL,NULL,NULL,NULL,NULL,NULL,'2023-01-11 19:46:48','2023-01-11 19:46:48'),(964,5,2,2,64,1,31,'F',NULL,NULL,NULL,NULL,NULL,NULL,'2023-01-11 19:46:48','2023-01-11 19:46:48'),(965,5,2,2,65,1,32,'F',NULL,NULL,NULL,NULL,NULL,NULL,'2023-01-11 19:46:48','2023-01-11 19:46:48'),(966,5,2,2,66,1,32,'F',NULL,NULL,NULL,NULL,NULL,NULL,'2023-01-11 19:46:48','2023-01-11 19:46:48'),(967,5,2,2,67,1,33,'F',NULL,NULL,NULL,NULL,NULL,NULL,'2023-01-11 19:46:48','2023-01-11 19:46:48'),(968,5,2,2,68,1,33,'F',NULL,NULL,NULL,NULL,NULL,NULL,'2023-01-11 19:46:48','2023-01-11 19:46:48'),(969,5,2,2,69,1,34,'F',NULL,NULL,NULL,NULL,NULL,NULL,'2023-01-11 19:46:48','2023-01-11 19:46:48'),(970,5,2,2,70,1,34,'F',NULL,NULL,NULL,NULL,NULL,NULL,'2023-01-11 19:46:48','2023-01-11 19:46:48'),(971,5,2,2,71,1,35,'F',NULL,NULL,NULL,NULL,NULL,NULL,'2023-01-11 19:46:48','2023-01-11 19:46:48'),(972,5,2,2,72,1,35,'F',NULL,NULL,NULL,NULL,NULL,NULL,'2023-01-11 19:46:48','2023-01-11 19:46:48'),(973,5,2,2,73,1,36,'F',NULL,NULL,NULL,NULL,NULL,NULL,'2023-01-11 19:46:48','2023-01-11 19:46:48'),(974,5,2,2,74,1,36,'F',NULL,NULL,NULL,NULL,NULL,NULL,'2023-01-11 19:46:48','2023-01-11 19:46:48'),(975,5,2,2,75,1,37,'F',NULL,NULL,NULL,NULL,NULL,NULL,'2023-01-11 19:46:48','2023-01-11 19:46:48'),(976,5,2,2,76,1,37,'F',NULL,NULL,NULL,NULL,NULL,NULL,'2023-01-11 19:46:48','2023-01-11 19:46:48'),(977,5,2,2,77,1,38,'F',NULL,NULL,NULL,NULL,NULL,NULL,'2023-01-11 19:46:48','2023-01-11 19:46:48'),(978,5,2,2,78,1,38,'F',NULL,NULL,NULL,NULL,NULL,NULL,'2023-01-11 19:46:48','2023-01-11 19:46:48'),(979,5,2,2,79,1,39,'F',NULL,NULL,NULL,NULL,NULL,NULL,'2023-01-11 19:46:48','2023-01-11 19:46:48'),(980,5,2,2,80,1,39,'F',NULL,NULL,NULL,NULL,NULL,NULL,'2023-01-11 19:46:48','2023-01-11 19:46:48'),(981,5,2,2,81,1,40,'F',NULL,NULL,NULL,NULL,NULL,NULL,'2023-01-11 19:46:48','2023-01-11 19:46:48'),(982,5,2,2,82,1,40,'F',NULL,NULL,NULL,NULL,NULL,NULL,'2023-01-11 19:46:48','2023-01-11 19:46:48'),(983,5,2,2,83,1,41,'F',NULL,NULL,NULL,NULL,NULL,NULL,'2023-01-11 19:46:48','2023-01-11 19:46:48'),(984,5,2,2,84,1,41,'F',NULL,NULL,NULL,NULL,NULL,NULL,'2023-01-11 19:46:48','2023-01-11 19:46:48'),(985,5,2,2,85,1,42,'F',NULL,NULL,NULL,NULL,NULL,NULL,'2023-01-11 19:46:48','2023-01-11 19:46:48'),(986,5,2,2,86,1,42,'F',NULL,NULL,NULL,NULL,NULL,NULL,'2023-01-11 19:46:48','2023-01-11 19:46:48'),(987,5,2,2,87,1,43,'F',NULL,NULL,NULL,NULL,NULL,NULL,'2023-01-11 19:46:48','2023-01-11 19:46:48'),(988,5,2,2,88,1,43,'F',NULL,NULL,NULL,NULL,NULL,NULL,'2023-01-11 19:46:48','2023-01-11 19:46:48'),(989,5,2,2,89,1,44,'F',NULL,NULL,NULL,NULL,NULL,NULL,'2023-01-11 19:46:48','2023-01-11 19:46:48'),(990,5,2,2,90,1,44,'F',NULL,NULL,NULL,NULL,NULL,NULL,'2023-01-11 19:46:48','2023-01-11 19:46:48'),(991,5,2,2,91,1,45,'F',NULL,NULL,NULL,NULL,NULL,NULL,'2023-01-11 19:46:48','2023-01-11 19:46:48'),(992,5,2,2,92,1,45,'F',NULL,NULL,NULL,NULL,NULL,NULL,'2023-01-11 19:46:48','2023-01-11 19:46:48'),(993,5,2,2,93,1,46,'F',NULL,NULL,NULL,NULL,NULL,NULL,'2023-01-11 19:46:48','2023-01-11 19:46:48'),(994,5,2,2,94,1,46,'F',NULL,NULL,NULL,NULL,NULL,NULL,'2023-01-11 19:46:48','2023-01-11 19:46:48'),(995,5,2,2,95,1,47,'F',NULL,NULL,NULL,NULL,NULL,NULL,'2023-01-11 19:46:48','2023-01-11 19:46:48'),(996,5,2,2,96,1,47,'F',NULL,NULL,NULL,NULL,NULL,NULL,'2023-01-11 19:46:48','2023-01-11 19:46:48'),(997,5,2,2,97,1,48,'F',NULL,NULL,NULL,NULL,NULL,NULL,'2023-01-11 19:46:48','2023-01-11 19:46:48'),(998,5,2,2,98,1,48,'F',NULL,NULL,NULL,NULL,NULL,NULL,'2023-01-11 19:46:48','2023-01-11 19:46:48'),(999,5,2,2,99,1,0,'F',NULL,NULL,NULL,NULL,NULL,NULL,'2023-01-11 19:46:48','2023-01-11 19:46:48'),(1000,5,2,2,100,1,0,'F',NULL,NULL,NULL,NULL,NULL,NULL,'2023-01-11 19:46:48','2023-01-11 19:46:48'),(1001,6,3,2,1,1,0,'F',NULL,NULL,NULL,NULL,NULL,NULL,'2023-01-11 19:48:39','2023-01-11 19:48:39'),(1002,6,3,2,2,1,0,'F',NULL,NULL,NULL,NULL,NULL,NULL,'2023-01-11 19:48:39','2023-01-11 19:48:39'),(1003,6,3,2,3,1,1,'F',NULL,NULL,NULL,NULL,NULL,NULL,'2023-01-11 19:48:39','2023-01-11 19:48:39'),(1004,6,3,2,4,1,1,'F',NULL,NULL,NULL,NULL,NULL,NULL,'2023-01-11 19:48:39','2023-01-11 19:48:39'),(1005,6,3,2,5,1,2,'F',NULL,NULL,NULL,NULL,NULL,NULL,'2023-01-11 19:48:39','2023-01-11 19:48:39'),(1006,6,3,2,6,1,2,'F',NULL,NULL,NULL,NULL,NULL,NULL,'2023-01-11 19:48:39','2023-01-11 19:48:39'),(1007,6,3,2,7,1,3,'F',NULL,NULL,NULL,NULL,NULL,NULL,'2023-01-11 19:48:39','2023-01-11 19:48:39'),(1008,6,3,2,8,1,3,'F',NULL,NULL,NULL,NULL,NULL,NULL,'2023-01-11 19:48:39','2023-01-11 19:48:39'),(1009,6,3,2,9,1,4,'F',NULL,NULL,NULL,NULL,NULL,NULL,'2023-01-11 19:48:39','2023-01-11 19:48:39'),(1010,6,3,2,10,1,4,'F',NULL,NULL,NULL,NULL,NULL,NULL,'2023-01-11 19:48:39','2023-01-11 19:48:39'),(1011,6,3,2,11,1,5,'F',NULL,NULL,NULL,NULL,NULL,NULL,'2023-01-11 19:48:39','2023-01-11 19:48:39'),(1012,6,3,2,12,1,5,'F',NULL,NULL,NULL,NULL,NULL,NULL,'2023-01-11 19:48:39','2023-01-11 19:48:39'),(1013,6,3,2,13,1,6,'F',NULL,NULL,NULL,NULL,NULL,NULL,'2023-01-11 19:48:39','2023-01-11 19:48:39'),(1014,6,3,2,14,1,6,'F',NULL,NULL,NULL,NULL,NULL,NULL,'2023-01-11 19:48:39','2023-01-11 19:48:39'),(1015,6,3,2,15,1,7,'F',NULL,NULL,NULL,NULL,NULL,NULL,'2023-01-11 19:48:39','2023-01-11 19:48:39'),(1016,6,3,2,16,1,7,'F',NULL,NULL,NULL,NULL,NULL,NULL,'2023-01-11 19:48:39','2023-01-11 19:48:39'),(1017,6,3,2,17,1,8,'F',NULL,NULL,NULL,NULL,NULL,NULL,'2023-01-11 19:48:39','2023-01-11 19:48:39'),(1018,6,3,2,18,1,8,'F',NULL,NULL,NULL,NULL,NULL,NULL,'2023-01-11 19:48:39','2023-01-11 19:48:39'),(1019,6,3,2,19,1,9,'F',NULL,NULL,NULL,NULL,NULL,NULL,'2023-01-11 19:48:39','2023-01-11 19:48:39'),(1020,6,3,2,20,1,9,'F',NULL,NULL,NULL,NULL,NULL,NULL,'2023-01-11 19:48:39','2023-01-11 19:48:39'),(1021,6,3,2,21,1,10,'F',NULL,NULL,NULL,NULL,NULL,NULL,'2023-01-11 19:48:39','2023-01-11 19:48:39'),(1022,6,3,2,22,1,10,'F',NULL,NULL,NULL,NULL,NULL,NULL,'2023-01-11 19:48:39','2023-01-11 19:48:39'),(1023,6,3,2,23,1,11,'F',NULL,NULL,NULL,NULL,NULL,NULL,'2023-01-11 19:48:39','2023-01-11 19:48:39'),(1024,6,3,2,24,1,11,'F',NULL,NULL,NULL,NULL,NULL,NULL,'2023-01-11 19:48:39','2023-01-11 19:48:39'),(1025,6,3,2,25,1,12,'F',NULL,NULL,NULL,NULL,NULL,NULL,'2023-01-11 19:48:39','2023-01-11 19:48:39'),(1026,6,3,2,26,1,12,'F',NULL,NULL,NULL,NULL,NULL,NULL,'2023-01-11 19:48:39','2023-01-11 19:48:39'),(1027,6,3,2,27,1,13,'F',NULL,NULL,NULL,NULL,NULL,NULL,'2023-01-11 19:48:39','2023-01-11 19:48:39'),(1028,6,3,2,28,1,13,'F',NULL,NULL,NULL,NULL,NULL,NULL,'2023-01-11 19:48:39','2023-01-11 19:48:39'),(1029,6,3,2,29,1,14,'F',NULL,NULL,NULL,NULL,NULL,NULL,'2023-01-11 19:48:39','2023-01-11 19:48:39'),(1030,6,3,2,30,1,14,'F',NULL,NULL,NULL,NULL,NULL,NULL,'2023-01-11 19:48:39','2023-01-11 19:48:39'),(1031,6,3,2,31,1,15,'F',NULL,NULL,NULL,NULL,NULL,NULL,'2023-01-11 19:48:39','2023-01-11 19:48:39'),(1032,6,3,2,32,1,15,'F',NULL,NULL,NULL,NULL,NULL,NULL,'2023-01-11 19:48:39','2023-01-11 19:48:39'),(1033,6,3,2,33,1,16,'F',NULL,NULL,NULL,NULL,NULL,NULL,'2023-01-11 19:48:39','2023-01-11 19:48:39'),(1034,6,3,2,34,1,16,'F',NULL,NULL,NULL,NULL,NULL,NULL,'2023-01-11 19:48:39','2023-01-11 19:48:39'),(1035,6,3,2,35,1,17,'F',NULL,NULL,NULL,NULL,NULL,NULL,'2023-01-11 19:48:39','2023-01-11 19:48:39'),(1036,6,3,2,36,1,17,'F',NULL,NULL,NULL,NULL,NULL,NULL,'2023-01-11 19:48:39','2023-01-11 19:48:39'),(1037,6,3,2,37,1,18,'F',NULL,NULL,NULL,NULL,NULL,NULL,'2023-01-11 19:48:39','2023-01-11 19:48:39'),(1038,6,3,2,38,1,18,'F',NULL,NULL,NULL,NULL,NULL,NULL,'2023-01-11 19:48:39','2023-01-11 19:48:39'),(1039,6,3,2,39,1,19,'F',NULL,NULL,NULL,NULL,NULL,NULL,'2023-01-11 19:48:39','2023-01-11 19:48:39'),(1040,6,3,2,40,1,19,'F',NULL,NULL,NULL,NULL,NULL,NULL,'2023-01-11 19:48:39','2023-01-11 19:48:39'),(1041,6,3,2,41,1,20,'F',NULL,NULL,NULL,NULL,NULL,NULL,'2023-01-11 19:48:39','2023-01-11 19:48:39'),(1042,6,3,2,42,1,20,'F',NULL,NULL,NULL,NULL,NULL,NULL,'2023-01-11 19:48:39','2023-01-11 19:48:39'),(1043,6,3,2,43,1,21,'F',NULL,NULL,NULL,NULL,NULL,NULL,'2023-01-11 19:48:39','2023-01-11 19:48:39'),(1044,6,3,2,44,1,21,'F',NULL,NULL,NULL,NULL,NULL,NULL,'2023-01-11 19:48:39','2023-01-11 19:48:39'),(1045,6,3,2,45,1,22,'F',NULL,NULL,NULL,NULL,NULL,NULL,'2023-01-11 19:48:39','2023-01-11 19:48:39'),(1046,6,3,2,46,1,22,'F',NULL,NULL,NULL,NULL,NULL,NULL,'2023-01-11 19:48:39','2023-01-11 19:48:39'),(1047,6,3,2,47,1,23,'F',NULL,NULL,NULL,NULL,NULL,NULL,'2023-01-11 19:48:39','2023-01-11 19:48:39'),(1048,6,3,2,48,1,23,'F',NULL,NULL,NULL,NULL,NULL,NULL,'2023-01-11 19:48:39','2023-01-11 19:48:39'),(1049,6,3,2,49,1,24,'F',NULL,NULL,NULL,NULL,NULL,NULL,'2023-01-11 19:48:39','2023-01-11 19:48:39'),(1050,6,3,2,50,1,24,'F',NULL,NULL,NULL,NULL,NULL,NULL,'2023-01-11 19:48:39','2023-01-11 19:48:39'),(1051,6,3,2,51,1,25,'F',NULL,NULL,NULL,NULL,NULL,NULL,'2023-01-11 19:48:39','2023-01-11 19:48:39'),(1052,6,3,2,52,1,25,'F',NULL,NULL,NULL,NULL,NULL,NULL,'2023-01-11 19:48:39','2023-01-11 19:48:39'),(1053,6,3,2,53,1,26,'F',NULL,NULL,NULL,NULL,NULL,NULL,'2023-01-11 19:48:39','2023-01-11 19:48:39'),(1054,6,3,2,54,1,26,'F',NULL,NULL,NULL,NULL,NULL,NULL,'2023-01-11 19:48:39','2023-01-11 19:48:39'),(1055,6,3,2,55,1,27,'F',NULL,NULL,NULL,NULL,NULL,NULL,'2023-01-11 19:48:39','2023-01-11 19:48:39'),(1056,6,3,2,56,1,27,'F',NULL,NULL,NULL,NULL,NULL,NULL,'2023-01-11 19:48:39','2023-01-11 19:48:39'),(1057,6,3,2,57,1,28,'F',NULL,NULL,NULL,NULL,NULL,NULL,'2023-01-11 19:48:39','2023-01-11 19:48:39'),(1058,6,3,2,58,1,28,'F',NULL,NULL,NULL,NULL,NULL,NULL,'2023-01-11 19:48:39','2023-01-11 19:48:39'),(1059,6,3,2,59,1,29,'F',NULL,NULL,NULL,NULL,NULL,NULL,'2023-01-11 19:48:39','2023-01-11 19:48:39'),(1060,6,3,2,60,1,29,'F',NULL,NULL,NULL,NULL,NULL,NULL,'2023-01-11 19:48:39','2023-01-11 19:48:39'),(1061,6,3,2,61,1,30,'F',NULL,NULL,NULL,NULL,NULL,NULL,'2023-01-11 19:48:39','2023-01-11 19:48:39'),(1062,6,3,2,62,1,30,'F',NULL,NULL,NULL,NULL,NULL,NULL,'2023-01-11 19:48:39','2023-01-11 19:48:39'),(1063,6,3,2,63,1,31,'F',NULL,NULL,NULL,NULL,NULL,NULL,'2023-01-11 19:48:39','2023-01-11 19:48:39'),(1064,6,3,2,64,1,31,'F',NULL,NULL,NULL,NULL,NULL,NULL,'2023-01-11 19:48:39','2023-01-11 19:48:39'),(1065,6,3,2,65,1,32,'F',NULL,NULL,NULL,NULL,NULL,NULL,'2023-01-11 19:48:39','2023-01-11 19:48:39'),(1066,6,3,2,66,1,32,'F',NULL,NULL,NULL,NULL,NULL,NULL,'2023-01-11 19:48:39','2023-01-11 19:48:39'),(1067,6,3,2,67,1,33,'F',NULL,NULL,NULL,NULL,NULL,NULL,'2023-01-11 19:48:39','2023-01-11 19:48:39'),(1068,6,3,2,68,1,33,'F',NULL,NULL,NULL,NULL,NULL,NULL,'2023-01-11 19:48:39','2023-01-11 19:48:39'),(1069,6,3,2,69,1,34,'F',NULL,NULL,NULL,NULL,NULL,NULL,'2023-01-11 19:48:39','2023-01-11 19:48:39'),(1070,6,3,2,70,1,34,'F',NULL,NULL,NULL,NULL,NULL,NULL,'2023-01-11 19:48:39','2023-01-11 19:48:39'),(1071,6,3,2,71,1,35,'F',NULL,NULL,NULL,NULL,NULL,NULL,'2023-01-11 19:48:39','2023-01-11 19:48:39'),(1072,6,3,2,72,1,35,'F',NULL,NULL,NULL,NULL,NULL,NULL,'2023-01-11 19:48:39','2023-01-11 19:48:39'),(1073,6,3,2,73,1,36,'F',NULL,NULL,NULL,NULL,NULL,NULL,'2023-01-11 19:48:39','2023-01-11 19:48:39'),(1074,6,3,2,74,1,36,'F',NULL,NULL,NULL,NULL,NULL,NULL,'2023-01-11 19:48:39','2023-01-11 19:48:39'),(1075,6,3,2,75,1,37,'F',NULL,NULL,NULL,NULL,NULL,NULL,'2023-01-11 19:48:39','2023-01-11 19:48:39'),(1076,6,3,2,76,1,37,'F',NULL,NULL,NULL,NULL,NULL,NULL,'2023-01-11 19:48:39','2023-01-11 19:48:39'),(1077,6,3,2,77,1,38,'F',NULL,NULL,NULL,NULL,NULL,NULL,'2023-01-11 19:48:39','2023-01-11 19:48:39'),(1078,6,3,2,78,1,38,'F',NULL,NULL,NULL,NULL,NULL,NULL,'2023-01-11 19:48:39','2023-01-11 19:48:39'),(1079,6,3,2,79,1,39,'F',NULL,NULL,NULL,NULL,NULL,NULL,'2023-01-11 19:48:39','2023-01-11 19:48:39'),(1080,6,3,2,80,1,39,'F',NULL,NULL,NULL,NULL,NULL,NULL,'2023-01-11 19:48:39','2023-01-11 19:48:39'),(1081,6,3,2,81,1,40,'F',NULL,NULL,NULL,NULL,NULL,NULL,'2023-01-11 19:48:39','2023-01-11 19:48:39'),(1082,6,3,2,82,1,40,'F',NULL,NULL,NULL,NULL,NULL,NULL,'2023-01-11 19:48:39','2023-01-11 19:48:39'),(1083,6,3,2,83,1,41,'F',NULL,NULL,NULL,NULL,NULL,NULL,'2023-01-11 19:48:39','2023-01-11 19:48:39'),(1084,6,3,2,84,1,41,'F',NULL,NULL,NULL,NULL,NULL,NULL,'2023-01-11 19:48:39','2023-01-11 19:48:39'),(1085,6,3,2,85,1,42,'F',NULL,NULL,NULL,NULL,NULL,NULL,'2023-01-11 19:48:39','2023-01-11 19:48:39'),(1086,6,3,2,86,1,42,'F',NULL,NULL,NULL,NULL,NULL,NULL,'2023-01-11 19:48:39','2023-01-11 19:48:39'),(1087,6,3,2,87,1,43,'F',NULL,NULL,NULL,NULL,NULL,NULL,'2023-01-11 19:48:39','2023-01-11 19:48:39'),(1088,6,3,2,88,1,43,'F',NULL,NULL,NULL,NULL,NULL,NULL,'2023-01-11 19:48:39','2023-01-11 19:48:39'),(1089,6,3,2,89,1,44,'F',NULL,NULL,NULL,NULL,NULL,NULL,'2023-01-11 19:48:39','2023-01-11 19:48:39'),(1090,6,3,2,90,1,44,'F',NULL,NULL,NULL,NULL,NULL,NULL,'2023-01-11 19:48:39','2023-01-11 19:48:39'),(1091,6,3,2,91,1,45,'F',NULL,NULL,NULL,NULL,NULL,NULL,'2023-01-11 19:48:39','2023-01-11 19:48:39'),(1092,6,3,2,92,1,45,'F',NULL,NULL,NULL,NULL,NULL,NULL,'2023-01-11 19:48:39','2023-01-11 19:48:39'),(1093,6,3,2,93,1,46,'F',NULL,NULL,NULL,NULL,NULL,NULL,'2023-01-11 19:48:39','2023-01-11 19:48:39'),(1094,6,3,2,94,1,46,'F',NULL,NULL,NULL,NULL,NULL,NULL,'2023-01-11 19:48:39','2023-01-11 19:48:39'),(1095,6,3,2,95,1,47,'F',NULL,NULL,NULL,NULL,NULL,NULL,'2023-01-11 19:48:39','2023-01-11 19:48:39'),(1096,6,3,2,96,1,47,'F',NULL,NULL,NULL,NULL,NULL,NULL,'2023-01-11 19:48:39','2023-01-11 19:48:39'),(1097,6,3,2,97,1,48,'F',NULL,NULL,NULL,NULL,NULL,NULL,'2023-01-11 19:48:39','2023-01-11 19:48:39'),(1098,6,3,2,98,1,48,'F',NULL,NULL,NULL,NULL,NULL,NULL,'2023-01-11 19:48:39','2023-01-11 19:48:39'),(1099,6,3,2,99,1,0,'F',NULL,NULL,NULL,NULL,NULL,NULL,'2023-01-11 19:48:39','2023-01-11 19:48:39'),(1100,6,3,2,100,1,0,'F',NULL,NULL,NULL,NULL,NULL,NULL,'2023-01-11 19:48:39','2023-01-11 19:48:39'),(1101,1,3,3,1,3,1,'F',NULL,NULL,NULL,NULL,NULL,NULL,'2023-01-16 17:56:56','2023-01-16 17:56:56'),(1102,1,3,3,2,3,1,'F',NULL,NULL,NULL,NULL,NULL,NULL,'2023-01-16 17:56:56','2023-01-16 17:56:56'),(1103,1,3,3,3,3,2,'F',NULL,NULL,NULL,NULL,NULL,NULL,'2023-01-16 17:56:56','2023-01-16 17:56:56'),(1104,1,3,3,4,3,2,'F',NULL,NULL,NULL,NULL,NULL,NULL,'2023-01-16 17:56:56','2023-01-16 17:56:56'),(1105,1,3,3,5,3,3,'F',NULL,NULL,NULL,NULL,NULL,NULL,'2023-01-16 17:56:56','2023-01-16 17:56:56'),(1106,1,3,3,6,3,3,'F',NULL,NULL,NULL,NULL,NULL,NULL,'2023-01-16 17:56:56','2023-01-16 17:56:56'),(1107,1,3,3,7,3,4,'F',NULL,NULL,NULL,NULL,NULL,NULL,'2023-01-16 17:56:56','2023-01-16 17:56:56'),(1108,1,3,3,8,3,4,'F',NULL,NULL,NULL,NULL,NULL,NULL,'2023-01-16 17:56:56','2023-01-16 17:56:56'),(1109,1,3,3,9,3,5,'F',NULL,NULL,NULL,NULL,NULL,NULL,'2023-01-16 17:56:56','2023-01-16 17:56:56'),(1110,1,3,3,10,3,5,'F',NULL,NULL,NULL,NULL,NULL,NULL,'2023-01-16 17:56:56','2023-01-16 17:56:56'),(1111,2,2,3,1,3,1,'F',NULL,NULL,NULL,NULL,NULL,NULL,'2023-01-16 18:00:10','2023-01-16 18:00:10'),(1112,2,2,3,2,3,1,'F',NULL,NULL,NULL,NULL,NULL,NULL,'2023-01-16 18:00:10','2023-01-16 18:00:10'),(1113,2,2,3,3,3,2,'F',NULL,NULL,NULL,NULL,NULL,NULL,'2023-01-16 18:00:10','2023-01-16 18:00:10'),(1114,2,2,3,4,3,2,'F',NULL,NULL,NULL,NULL,NULL,NULL,'2023-01-16 18:00:10','2023-01-16 18:00:10'),(1115,2,2,3,5,3,3,'F',NULL,NULL,NULL,NULL,NULL,NULL,'2023-01-16 18:00:10','2023-01-16 18:00:10'),(1116,2,2,3,6,3,3,'F',NULL,NULL,NULL,NULL,NULL,NULL,'2023-01-16 18:00:10','2023-01-16 18:00:10'),(1117,2,2,3,7,3,4,'F',NULL,NULL,NULL,NULL,NULL,NULL,'2023-01-16 18:00:10','2023-01-16 18:00:10'),(1118,2,2,3,8,3,4,'F',NULL,NULL,NULL,NULL,NULL,NULL,'2023-01-16 18:00:10','2023-01-16 18:00:10'),(1119,2,2,3,9,3,5,'F',NULL,NULL,NULL,NULL,NULL,NULL,'2023-01-16 18:00:10','2023-01-16 18:00:10'),(1120,2,2,3,10,3,5,'F',NULL,NULL,NULL,NULL,NULL,NULL,'2023-01-16 18:00:10','2023-01-16 18:00:10'),(1121,1,3,3,4,1,4,'F',NULL,0,NULL,NULL,NULL,NULL,'2023-01-16 18:34:15','2023-01-16 18:34:15'),(1122,1,3,3,4,1,4,'F',NULL,0,NULL,NULL,NULL,NULL,'2023-01-16 18:34:19','2023-01-16 18:34:19'),(1123,1,3,3,4,1,4,'F',NULL,0,NULL,NULL,NULL,NULL,'2023-01-16 18:34:22','2023-01-16 18:34:22'),(1124,1,3,3,4,1,4,'F',NULL,0,NULL,NULL,NULL,NULL,'2023-01-16 18:36:29','2023-01-16 18:36:29');
/*!40000 ALTER TABLE `bookrecords` ENABLE KEYS */;
UNLOCK TABLES;

--
-- Table structure for table `books`
--

DROP TABLE IF EXISTS `books`;
/*!40101 SET @saved_cs_client     = @@character_set_client */;
/*!50503 SET character_set_client = utf8mb4 */;
CREATE TABLE `books` (
  `id` int unsigned NOT NULL,
  `name` varchar(255) NOT NULL,
  `namefolder` varchar(255) NOT NULL,
  `status` tinyint(1) DEFAULT NULL,
  `created_at` timestamp NULL DEFAULT NULL,
  `updated_at` timestamp NULL DEFAULT NULL,
  PRIMARY KEY (`id`)
) ENGINE=InnoDB DEFAULT CHARSET=utf8mb4 COLLATE=utf8mb4_0900_ai_ci;
/*!40101 SET character_set_client = @saved_cs_client */;

--
-- Dumping data for table `books`
--

LOCK TABLES `books` WRITE;
/*!40000 ALTER TABLE `books` DISABLE KEYS */;
INSERT INTO `books` VALUES (1,'BANCO DE ARQUIVOS','BANCO_DE_ARQUIVOS',0,'2023-01-11 18:10:40','2023-01-11 18:10:40'),(2,'CASAMENTO (LIVRO B)','CASAMENTO',1,'2023-01-11 18:10:40','2023-01-11 18:10:40'),(3,'NASCIMENTO (LIVRO A)','NASCIMENTO',1,'2023-01-11 18:10:40','2023-01-11 18:10:40'),(4,'OBITO (LIVRO C)','OBITO',1,'2023-01-11 18:10:40','2023-01-11 18:10:40'),(5,'LIVRO D (EDITAL)','LIVROD',1,'2023-01-11 18:10:40','2023-01-11 18:10:40'),(6,'LIVRO E','LIVROE',1,'2023-01-11 18:10:40','2023-01-11 18:10:40'),(7,'INDICES','INDICES',1,'2023-01-11 18:10:40','2023-01-11 18:10:40'),(8,'PROTOCOLO','PROTOCOLO',0,'2023-01-11 18:10:40','2023-01-11 18:10:40'),(9,'FOLHA DE SEGURANA','FOLHA_DE_SEGURANA',0,'2023-01-11 18:10:40','2023-01-11 18:10:40'),(10,'RESPOSTA OFICIOS','RESPOSTA_OFICIOS',0,'2023-01-11 18:10:40','2023-01-11 18:10:40'),(11,'PROCESSO HABILITACAO','PROCESSO_HABILITACAO',1,'2023-01-11 18:10:40','2023-01-11 18:10:40'),(12,'LIVROS','LIVROS',0,'2023-01-11 18:10:40','2023-01-11 18:10:40'),(13,'DOCUMENTOS','DOCUMENTOS',0,'2023-01-11 18:10:40','2023-01-11 18:10:40'),(14,'AUTENTICAO','AUTENTICACAO',0,'2023-01-11 18:10:40','2023-01-11 18:10:40'),(15,'RECONHECIMENTO FIRMA','RECONHECIMENTO_FIRMA',0,'2023-01-11 18:10:40','2023-01-11 18:10:40'),(16,'NOTAS','NOTAS',1,'2023-01-11 18:10:40','2023-01-11 18:10:40'),(17,'IDPESSOAL','IDPESSOAL',0,'2023-01-11 18:10:40','2023-01-11 18:10:40'),(18,'TRANSCRIES','TRANSCRICOES',1,'2023-01-11 18:10:40','2023-01-11 18:10:40'),(19,'2VIA','2VIA',1,'2023-01-11 18:10:40','2023-01-11 18:10:40'),(20,'ANEXO','ANEXO',1,'2023-01-11 18:10:40','2023-01-11 18:10:40'),(21,'PREATD','PREATD',1,'2023-01-11 18:10:40','2023-01-11 18:10:40'),(22,'CARTOSOFT','CARTOSOFT',1,'2023-01-11 18:10:40','2023-01-11 18:10:40'),(23,'MANDADOS','MANDADOS',1,'2023-01-11 18:10:40','2023-01-11 18:10:40');
/*!40000 ALTER TABLE `books` ENABLE KEYS */;
UNLOCK TABLES;

--
-- Table structure for table `companies`
--

DROP TABLE IF EXISTS `companies`;
/*!40101 SET @saved_cs_client     = @@character_set_client */;
/*!50503 SET character_set_client = utf8mb4 */;
CREATE TABLE `companies` (
  `id` int unsigned NOT NULL AUTO_INCREMENT,
  `name` varchar(120) NOT NULL,
  `shortname` varchar(45) NOT NULL,
  `foldername` varchar(45) NOT NULL DEFAULT '1',
  `address` varchar(70) DEFAULT NULL,
  `number` varchar(255) DEFAULT NULL,
  `complement` varchar(45) DEFAULT NULL,
  `postalcode` varchar(8) DEFAULT NULL,
  `district` varchar(70) DEFAULT NULL,
  `city` varchar(45) DEFAULT NULL,
  `state` varchar(2) DEFAULT NULL,
  `cnpj` varchar(255) DEFAULT NULL,
  `responsablename` varchar(255) DEFAULT NULL,
  `phoneresponsable` varchar(255) DEFAULT NULL,
  `email` varchar(255) DEFAULT NULL,
  `status` tinyint(1) DEFAULT NULL,
  `created_at` timestamp NULL DEFAULT NULL,
  `updated_at` timestamp NULL DEFAULT NULL,
  PRIMARY KEY (`id`),
  UNIQUE KEY `companies_shortname_unique` (`shortname`),
  UNIQUE KEY `companies_foldername_unique` (`foldername`)
) ENGINE=InnoDB AUTO_INCREMENT=5 DEFAULT CHARSET=utf8mb4 COLLATE=utf8mb4_0900_ai_ci;
/*!40101 SET character_set_client = @saved_cs_client */;

--
-- Dumping data for table `companies`
--

LOCK TABLES `companies` WRITE;
/*!40000 ALTER TABLE `companies` DISABLE KEYS */;
INSERT INTO `companies` VALUES (1,'Digi3','Digi3','Client_1','Rua Maria Magalhes de Souza','180','Casa','30820530','Alpio de Melo','Belo Horizonte','MG','1111111111111111','Vandir','31985228619','sistemasdigi3@gmail.com',1,'2023-01-11 18:10:50','2023-01-11 18:10:50'),(2,'Cartrio SETE LAGOAS','SETELAGOAS','Client_2','Rua Hum','250','',NULL,'Centro','Teste','MG','3232323211123232','Maria','','teste@teste.com.br',1,'2023-01-11 18:15:29','2023-01-11 18:15:29'),(3,'Cartrio DURVAL DE BARROS','DURVAL','Client_3','Rua Hum','250','',NULL,'Centro','Teste','MG','3232323211123232','Maria','','teste@teste.com.br',1,'2023-01-11 18:15:57','2023-01-11 18:15:57'),(4,'Cartrio TESTE','TESTE','Client_4','Rua Hum','250','',NULL,'Centro','Teste','MG','3232323211123232','Maria','','teste@teste.com.br',1,'2023-01-12 16:46:02','2023-01-12 16:46:02');
/*!40000 ALTER TABLE `companies` ENABLE KEYS */;
UNLOCK TABLES;

--
-- Table structure for table `indeximages`
--

DROP TABLE IF EXISTS `indeximages`;
/*!40101 SET @saved_cs_client     = @@character_set_client */;
/*!50503 SET character_set_client = utf8mb4 */;
CREATE TABLE `indeximages` (
  `bookrecords_id` int unsigned NOT NULL,
  `typebooks_id` int unsigned NOT NULL,
  `companies_id` int unsigned NOT NULL,
  `seq` int NOT NULL,
  `ext` varchar(5) DEFAULT NULL,
  `file_name` varchar(45) DEFAULT NULL,
  `previous_file_name` varchar(45) DEFAULT NULL,
  `created_at` timestamp NULL DEFAULT NULL,
  `updated_at` timestamp NULL DEFAULT NULL,
  PRIMARY KEY (`companies_id`,`bookrecords_id`,`typebooks_id`,`seq`),
  KEY `indeximages_bookrecords_id_foreign` (`bookrecords_id`),
  KEY `indeximages_typebooks_id_foreign` (`typebooks_id`),
  CONSTRAINT `indeximages_bookrecords_id_foreign` FOREIGN KEY (`bookrecords_id`) REFERENCES `bookrecords` (`id`),
  CONSTRAINT `indeximages_companies_id_foreign` FOREIGN KEY (`companies_id`) REFERENCES `companies` (`id`),
  CONSTRAINT `indeximages_typebooks_id_foreign` FOREIGN KEY (`typebooks_id`) REFERENCES `typebooks` (`id`)
) ENGINE=InnoDB DEFAULT CHARSET=utf8mb4 COLLATE=utf8mb4_0900_ai_ci;
/*!40101 SET character_set_client = @saved_cs_client */;

--
-- Dumping data for table `indeximages`
--

LOCK TABLES `indeximages` WRITE;
/*!40000 ALTER TABLE `indeximages` DISABLE KEYS */;
INSERT INTO `indeximages` VALUES (801,4,2,0,'jpeg','id801_0(1)_4_1_0__F_4.jpeg','L1(1).jpeg','2023-01-11 19:43:17','2023-01-11 19:43:17'),(801,4,2,1,'jpeg','id801_1(1)_4_1_0__F_4.jpeg','L1(1).jpeg','2023-01-11 19:47:09','2023-01-11 19:47:09'),(802,4,2,0,'jpeg','id802_0(2)_4_1_0__F_4.jpeg','L1(2).jpeg','2023-01-11 19:43:17','2023-01-11 19:43:17'),(802,4,2,1,'jpeg','id802_1(2)_4_1_0__F_4.jpeg','L1(2).jpeg','2023-01-11 19:47:09','2023-01-11 19:47:09'),(803,4,2,0,'jpeg','id803_0(3)_4_1_1__F_4.jpeg','L1(3).jpeg','2023-01-11 19:43:17','2023-01-11 19:43:17'),(803,4,2,1,'jpeg','id803_1(3)_4_1_1__F_4.jpeg','L1(3).jpeg','2023-01-11 19:47:09','2023-01-11 19:47:09'),(804,4,2,0,'jpeg','id804_0(4)_4_1_1__F_4.jpeg','L1(4).jpeg','2023-01-11 19:43:17','2023-01-11 19:43:17'),(804,4,2,1,'jpeg','id804_1(4)_4_1_1__F_4.jpeg','L1(4).jpeg','2023-01-11 19:47:09','2023-01-11 19:47:09'),(805,4,2,0,'jpeg','id805_0(5)_4_1_2__F_4.jpeg','L1(5).jpeg','2023-01-11 19:43:19','2023-01-11 19:43:19'),(805,4,2,1,'jpeg','id805_1(5)_4_1_2__F_4.jpeg','L1(5).jpeg','2023-01-11 19:47:11','2023-01-11 19:47:11'),(806,4,2,0,'jpeg','id806_0(6)_4_1_2__F_4.jpeg','L1(6).jpeg','2023-01-11 19:43:19','2023-01-11 19:43:19'),(806,4,2,1,'jpeg','id806_1(6)_4_1_2__F_4.jpeg','L1(6).jpeg','2023-01-11 19:47:11','2023-01-11 19:47:11'),(807,4,2,0,'jpeg','id807_0(7)_4_1_3__F_4.jpeg','L1(7).jpeg','2023-01-11 19:43:19','2023-01-11 19:43:19'),(807,4,2,1,'jpeg','id807_1(7)_4_1_3__F_4.jpeg','L1(7).jpeg','2023-01-11 19:47:11','2023-01-11 19:47:11'),(808,4,2,0,'jpeg','id808_0(8)_4_1_3__F_4.jpeg','L1(8).jpeg','2023-01-11 19:43:19','2023-01-11 19:43:19'),(808,4,2,1,'jpeg','id808_1(8)_4_1_3__F_4.jpeg','L1(8).jpeg','2023-01-11 19:47:12','2023-01-11 19:47:12'),(809,4,2,0,'jpeg','id809_0(9)_4_1_4__F_4.jpeg','L1(9).jpeg','2023-01-11 19:43:19','2023-01-11 19:43:19'),(809,4,2,1,'jpeg','id809_1(9)_4_1_4__F_4.jpeg','L1(9).jpeg','2023-01-11 19:47:12','2023-01-11 19:47:12'),(810,4,2,0,'jpeg','id810_0(10)_4_1_4__F_4.jpeg','L1(10).jpeg','2023-01-11 19:43:21','2023-01-11 19:43:21'),(810,4,2,1,'jpeg','id810_1(10)_4_1_4__F_4.jpeg','L1(10).jpeg','2023-01-11 19:47:14','2023-01-11 19:47:14'),(811,4,2,0,'jpeg','id811_0(11)_4_1_5__F_4.jpeg','L1(11).jpeg','2023-01-11 19:43:21','2023-01-11 19:43:21'),(811,4,2,1,'jpeg','id811_1(11)_4_1_5__F_4.jpeg','L1(11).jpeg','2023-01-11 19:47:14','2023-01-11 19:47:14'),(812,4,2,0,'jpeg','id812_0(12)_4_1_5__F_4.jpeg','L1(12).jpeg','2023-01-11 19:43:21','2023-01-11 19:43:21'),(812,4,2,1,'jpeg','id812_1(12)_4_1_5__F_4.jpeg','L1(12).jpeg','2023-01-11 19:47:14','2023-01-11 19:47:14'),(813,4,2,0,'jpeg','id813_0(13)_4_1_6__F_4.jpeg','L1(13).jpeg','2023-01-11 19:43:21','2023-01-11 19:43:21'),(813,4,2,1,'jpeg','id813_1(13)_4_1_6__F_4.jpeg','L1(13).jpeg','2023-01-11 19:47:14','2023-01-11 19:47:14'),(814,4,2,0,'jpeg','id814_0(14)_4_1_6__F_4.jpeg','L1(14).jpeg','2023-01-11 19:43:22','2023-01-11 19:43:22'),(814,4,2,1,'jpeg','id814_1(14)_4_1_6__F_4.jpeg','L1(14).jpeg','2023-01-11 19:47:14','2023-01-11 19:47:14'),(815,4,2,0,'jpeg','id815_0(15)_4_1_7__F_4.jpeg','L1(15).jpeg','2023-01-11 19:43:24','2023-01-11 19:43:24'),(815,4,2,1,'jpeg','id815_1(15)_4_1_7__F_4.jpeg','L1(15).jpeg','2023-01-11 19:47:16','2023-01-11 19:47:16'),(816,4,2,0,'jpeg','id816_0(16)_4_1_7__F_4.jpeg','L1(16).jpeg','2023-01-11 19:43:24','2023-01-11 19:43:24'),(816,4,2,1,'jpeg','id816_1(16)_4_1_7__F_4.jpeg','L1(16).jpeg','2023-01-11 19:47:16','2023-01-11 19:47:16'),(817,4,2,0,'jpeg','id817_0(17)_4_1_8__F_4.jpeg','L1(17).jpeg','2023-01-11 19:43:24','2023-01-11 19:43:24'),(817,4,2,1,'jpeg','id817_1(17)_4_1_8__F_4.jpeg','L1(17).jpeg','2023-01-11 19:47:16','2023-01-11 19:47:16'),(818,4,2,0,'jpeg','id818_0(18)_4_1_8__F_4.jpeg','L1(18).jpeg','2023-01-11 19:43:24','2023-01-11 19:43:24'),(818,4,2,1,'jpeg','id818_1(18)_4_1_8__F_4.jpeg','L1(18).jpeg','2023-01-11 19:47:16','2023-01-11 19:47:16'),(819,4,2,0,'jpeg','id819_0(19)_4_1_9__F_4.jpeg','L1(19).jpeg','2023-01-11 19:43:24','2023-01-11 19:43:24'),(819,4,2,1,'jpeg','id819_1(19)_4_1_9__F_4.jpeg','L1(19).jpeg','2023-01-11 19:47:16','2023-01-11 19:47:16'),(820,4,2,0,'jpeg','id820_0(20)_4_1_9__F_4.jpeg','L1(20).jpeg','2023-01-11 19:43:26','2023-01-11 19:43:26'),(820,4,2,1,'jpeg','id820_1(20)_4_1_9__F_4.jpeg','L1(20).jpeg','2023-01-11 19:47:18','2023-01-11 19:47:18'),(821,4,2,0,'jpeg','id821_0(21)_4_1_10__F_4.jpeg','L1(21).jpeg','2023-01-11 19:43:26','2023-01-11 19:43:26'),(821,4,2,1,'jpeg','id821_1(21)_4_1_10__F_4.jpeg','L1(21).jpeg','2023-01-11 19:47:18','2023-01-11 19:47:18'),(822,4,2,0,'jpeg','id822_0(22)_4_1_10__F_4.jpeg','L1(22).jpeg','2023-01-11 19:43:26','2023-01-11 19:43:26'),(822,4,2,1,'jpeg','id822_1(22)_4_1_10__F_4.jpeg','L1(22).jpeg','2023-01-11 19:47:18','2023-01-11 19:47:18'),(823,4,2,0,'jpeg','id823_0(23)_4_1_11__F_4.jpeg','L1(23).jpeg','2023-01-11 19:43:26','2023-01-11 19:43:26'),(823,4,2,1,'jpeg','id823_1(23)_4_1_11__F_4.jpeg','L1(23).jpeg','2023-01-11 19:47:18','2023-01-11 19:47:18'),(824,4,2,0,'jpeg','id824_0(24)_4_1_11__F_4.jpeg','L1(24).jpeg','2023-01-11 19:43:26','2023-01-11 19:43:26'),(824,4,2,1,'jpeg','id824_1(24)_4_1_11__F_4.jpeg','L1(24).jpeg','2023-01-11 19:47:18','2023-01-11 19:47:18'),(825,4,2,0,'jpeg','id825_0(25)_4_1_12__F_4.jpeg','L1(25).jpeg','2023-01-11 19:43:28','2023-01-11 19:43:28'),(825,4,2,1,'jpeg','id825_1(25)_4_1_12__F_4.jpeg','L1(25).jpeg','2023-01-11 19:47:20','2023-01-11 19:47:20'),(826,4,2,0,'jpeg','id826_0(26)_4_1_12__F_4.jpeg','L1(26).jpeg','2023-01-11 19:43:28','2023-01-11 19:43:28'),(826,4,2,1,'jpeg','id826_1(26)_4_1_12__F_4.jpeg','L1(26).jpeg','2023-01-11 19:47:20','2023-01-11 19:47:20'),(827,4,2,0,'jpeg','id827_0(27)_4_1_13__F_4.jpeg','L1(27).jpeg','2023-01-11 19:43:28','2023-01-11 19:43:28'),(827,4,2,1,'jpeg','id827_1(27)_4_1_13__F_4.jpeg','L1(27).jpeg','2023-01-11 19:47:20','2023-01-11 19:47:20'),(828,4,2,0,'jpeg','id828_0(28)_4_1_13__F_4.jpeg','L1(28).jpeg','2023-01-11 19:43:28','2023-01-11 19:43:28'),(828,4,2,1,'jpeg','id828_1(28)_4_1_13__F_4.jpeg','L1(28).jpeg','2023-01-11 19:47:20','2023-01-11 19:47:20'),(829,4,2,0,'jpeg','id829_0(29)_4_1_14__F_4.jpeg','L1(29).jpeg','2023-01-11 19:43:28','2023-01-11 19:43:28'),(829,4,2,1,'jpeg','id829_1(29)_4_1_14__F_4.jpeg','L1(29).jpeg','2023-01-11 19:47:20','2023-01-11 19:47:20'),(830,4,2,0,'jpeg','id830_0(30)_4_1_14__F_4.jpeg','L1(30).jpeg','2023-01-11 19:43:30','2023-01-11 19:43:30'),(830,4,2,1,'jpeg','id830_1(30)_4_1_14__F_4.jpeg','L1(30).jpeg','2023-01-11 19:47:22','2023-01-11 19:47:22'),(831,4,2,0,'jpeg','id831_0(31)_4_1_15__F_4.jpeg','L1(31).jpeg','2023-01-11 19:43:30','2023-01-11 19:43:30'),(831,4,2,1,'jpeg','id831_1(31)_4_1_15__F_4.jpeg','L1(31).jpeg','2023-01-11 19:47:22','2023-01-11 19:47:22'),(832,4,2,0,'jpeg','id832_0(32)_4_1_15__F_4.jpeg','L1(32).jpeg','2023-01-11 19:43:30','2023-01-11 19:43:30'),(832,4,2,1,'jpeg','id832_1(32)_4_1_15__F_4.jpeg','L1(32).jpeg','2023-01-11 19:47:22','2023-01-11 19:47:22'),(833,4,2,0,'jpeg','id833_0(33)_4_1_16__F_4.jpeg','L1(33).jpeg','2023-01-11 19:43:30','2023-01-11 19:43:30'),(833,4,2,1,'jpeg','id833_1(33)_4_1_16__F_4.jpeg','L1(33).jpeg','2023-01-11 19:47:22','2023-01-11 19:47:22'),(834,4,2,0,'jpeg','id834_0(34)_4_1_16__F_4.jpeg','L1(34).jpeg','2023-01-11 19:43:30','2023-01-11 19:43:30'),(834,4,2,1,'jpeg','id834_1(34)_4_1_16__F_4.jpeg','L1(34).jpeg','2023-01-11 19:47:22','2023-01-11 19:47:22'),(835,4,2,0,'jpeg','id835_0(35)_4_1_17__F_4.jpeg','L1(35).jpeg','2023-01-11 19:43:32','2023-01-11 19:43:32'),(835,4,2,1,'jpeg','id835_1(35)_4_1_17__F_4.jpeg','L1(35).jpeg','2023-01-11 19:47:24','2023-01-11 19:47:24'),(836,4,2,0,'jpeg','id836_0(36)_4_1_17__F_4.jpeg','L1(36).jpeg','2023-01-11 19:43:32','2023-01-11 19:43:32'),(836,4,2,1,'jpeg','id836_1(36)_4_1_17__F_4.jpeg','L1(36).jpeg','2023-01-11 19:47:24','2023-01-11 19:47:24'),(837,4,2,0,'jpeg','id837_0(37)_4_1_18__F_4.jpeg','L1(37).jpeg','2023-01-11 19:43:32','2023-01-11 19:43:32'),(837,4,2,1,'jpeg','id837_1(37)_4_1_18__F_4.jpeg','L1(37).jpeg','2023-01-11 19:47:24','2023-01-11 19:47:24'),(838,4,2,0,'jpeg','id838_0(38)_4_1_18__F_4.jpeg','L1(38).jpeg','2023-01-11 19:43:32','2023-01-11 19:43:32'),(838,4,2,1,'jpeg','id838_1(38)_4_1_18__F_4.jpeg','L1(38).jpeg','2023-01-11 19:47:24','2023-01-11 19:47:24'),(839,4,2,0,'jpeg','id839_0(39)_4_1_19__F_4.jpeg','L1(39).jpeg','2023-01-11 19:43:32','2023-01-11 19:43:32'),(839,4,2,1,'jpeg','id839_1(39)_4_1_19__F_4.jpeg','L1(39).jpeg','2023-01-11 19:47:24','2023-01-11 19:47:24'),(840,4,2,0,'jpeg','id840_0(40)_4_1_19__F_4.jpeg','L1(40).jpeg','2023-01-11 19:43:34','2023-01-11 19:43:34'),(840,4,2,1,'jpeg','id840_1(40)_4_1_19__F_4.jpeg','L1(40).jpeg','2023-01-11 19:47:26','2023-01-11 19:47:26'),(841,4,2,0,'jpeg','id841_0(41)_4_1_20__F_4.jpeg','L1(41).jpeg','2023-01-11 19:43:34','2023-01-11 19:43:34'),(841,4,2,1,'jpeg','id841_1(41)_4_1_20__F_4.jpeg','L1(41).jpeg','2023-01-11 19:47:26','2023-01-11 19:47:26'),(842,4,2,0,'jpeg','id842_0(42)_4_1_20__F_4.jpeg','L1(42).jpeg','2023-01-11 19:43:34','2023-01-11 19:43:34'),(842,4,2,1,'jpeg','id842_1(42)_4_1_20__F_4.jpeg','L1(42).jpeg','2023-01-11 19:47:26','2023-01-11 19:47:26'),(843,4,2,0,'jpeg','id843_0(43)_4_1_21__F_4.jpeg','L1(43).jpeg','2023-01-11 19:43:34','2023-01-11 19:43:34'),(843,4,2,1,'jpeg','id843_1(43)_4_1_21__F_4.jpeg','L1(43).jpeg','2023-01-11 19:47:26','2023-01-11 19:47:26'),(844,4,2,0,'jpeg','id844_0(44)_4_1_21__F_4.jpeg','L1(44).jpeg','2023-01-11 19:43:34','2023-01-11 19:43:34'),(844,4,2,1,'jpeg','id844_1(44)_4_1_21__F_4.jpeg','L1(44).jpeg','2023-01-11 19:47:26','2023-01-11 19:47:26'),(845,4,2,0,'jpeg','id845_0(45)_4_1_22__F_4.jpeg','L1(45).jpeg','2023-01-11 19:43:36','2023-01-11 19:43:36'),(845,4,2,1,'jpeg','id845_1(45)_4_1_22__F_4.jpeg','L1(45).jpeg','2023-01-11 19:47:28','2023-01-11 19:47:28'),(846,4,2,0,'jpeg','id846_0(46)_4_1_22__F_4.jpeg','L1(46).jpeg','2023-01-11 19:43:36','2023-01-11 19:43:36'),(846,4,2,1,'jpeg','id846_1(46)_4_1_22__F_4.jpeg','L1(46).jpeg','2023-01-11 19:47:29','2023-01-11 19:47:29'),(847,4,2,0,'jpeg','id847_0(47)_4_1_23__F_4.jpeg','L1(47).jpeg','2023-01-11 19:43:36','2023-01-11 19:43:36'),(847,4,2,1,'jpeg','id847_1(47)_4_1_23__F_4.jpeg','L1(47).jpeg','2023-01-11 19:47:29','2023-01-11 19:47:29'),(848,4,2,0,'jpeg','id848_0(48)_4_1_23__F_4.jpeg','L1(48).jpeg','2023-01-11 19:43:36','2023-01-11 19:43:36'),(848,4,2,1,'jpeg','id848_1(48)_4_1_23__F_4.jpeg','L1(48).jpeg','2023-01-11 19:47:29','2023-01-11 19:47:29'),(849,4,2,0,'jpeg','id849_0(49)_4_1_24__F_4.jpeg','L1(49).jpeg','2023-01-11 19:43:36','2023-01-11 19:43:36'),(849,4,2,1,'jpeg','id849_1(49)_4_1_24__F_4.jpeg','L1(49).jpeg','2023-01-11 19:47:29','2023-01-11 19:47:29'),(850,4,2,0,'jpeg','id850_0(50)_4_1_24__F_4.jpeg','L1(50).jpeg','2023-01-11 19:43:38','2023-01-11 19:43:38'),(850,4,2,1,'jpeg','id850_1(50)_4_1_24__F_4.jpeg','L1(50).jpeg','2023-01-11 19:47:31','2023-01-11 19:47:31'),(851,4,2,0,'jpeg','id851_0(51)_4_1_25__F_4.jpeg','L1(51).jpeg','2023-01-11 19:43:39','2023-01-11 19:43:39'),(851,4,2,1,'jpeg','id851_1(51)_4_1_25__F_4.jpeg','L1(51).jpeg','2023-01-11 19:47:31','2023-01-11 19:47:31'),(901,5,2,0,'jpeg','id901_0(1)_5_1_0__F_2.jpeg','L1(1).jpeg','2023-01-11 19:47:43','2023-01-11 19:47:43'),(902,5,2,0,'jpeg','id902_0(2)_5_1_0__F_2.jpeg','L1(2).jpeg','2023-01-11 19:47:43','2023-01-11 19:47:43'),(903,5,2,0,'jpeg','id903_0(3)_5_1_1__F_2.jpeg','L1(3).jpeg','2023-01-11 19:47:43','2023-01-11 19:47:43'),(904,5,2,0,'jpeg','id904_0(4)_5_1_1__F_2.jpeg','L1(4).jpeg','2023-01-11 19:47:43','2023-01-11 19:47:43'),(905,5,2,0,'jpeg','id905_0(5)_5_1_2__F_2.jpeg','L1(5).jpeg','2023-01-11 19:47:45','2023-01-11 19:47:45'),(906,5,2,0,'jpeg','id906_0(6)_5_1_2__F_2.jpeg','L1(6).jpeg','2023-01-11 19:47:45','2023-01-11 19:47:45'),(907,5,2,0,'jpeg','id907_0(7)_5_1_3__F_2.jpeg','L1(7).jpeg','2023-01-11 19:47:45','2023-01-11 19:47:45'),(908,5,2,0,'jpeg','id908_0(8)_5_1_3__F_2.jpeg','L1(8).jpeg','2023-01-11 19:47:45','2023-01-11 19:47:45'),(909,5,2,0,'jpeg','id909_0(9)_5_1_4__F_2.jpeg','L1(9).jpeg','2023-01-11 19:47:45','2023-01-11 19:47:45'),(910,5,2,0,'jpeg','id910_0(10)_5_1_4__F_2.jpeg','L1(10).jpeg','2023-01-11 19:47:47','2023-01-11 19:47:47'),(911,5,2,0,'jpeg','id911_0(11)_5_1_5__F_2.jpeg','L1(11).jpeg','2023-01-11 19:47:47','2023-01-11 19:47:47'),(912,5,2,0,'jpeg','id912_0(12)_5_1_5__F_2.jpeg','L1(12).jpeg','2023-01-11 19:47:47','2023-01-11 19:47:47'),(913,5,2,0,'jpeg','id913_0(13)_5_1_6__F_2.jpeg','L1(13).jpeg','2023-01-11 19:47:47','2023-01-11 19:47:47'),(914,5,2,0,'jpeg','id914_0(14)_5_1_6__F_2.jpeg','L1(14).jpeg','2023-01-11 19:47:47','2023-01-11 19:47:47'),(915,5,2,0,'jpeg','id915_0(15)_5_1_7__F_2.jpeg','L1(15).jpeg','2023-01-11 19:47:49','2023-01-11 19:47:49'),(916,5,2,0,'jpeg','id916_0(16)_5_1_7__F_2.jpeg','L1(16).jpeg','2023-01-11 19:47:49','2023-01-11 19:47:49'),(917,5,2,0,'jpeg','id917_0(17)_5_1_8__F_2.jpeg','L1(17).jpeg','2023-01-11 19:47:49','2023-01-11 19:47:49'),(918,5,2,0,'jpeg','id918_0(18)_5_1_8__F_2.jpeg','L1(18).jpeg','2023-01-11 19:47:49','2023-01-11 19:47:49'),(919,5,2,0,'jpeg','id919_0(19)_5_1_9__F_2.jpeg','L1(19).jpeg','2023-01-11 19:47:49','2023-01-11 19:47:49'),(920,5,2,0,'jpeg','id920_0(20)_5_1_9__F_2.jpeg','L1(20).jpeg','2023-01-11 19:47:51','2023-01-11 19:47:51'),(921,5,2,0,'jpeg','id921_0(21)_5_1_10__F_2.jpeg','L1(21).jpeg','2023-01-11 19:47:51','2023-01-11 19:47:51'),(922,5,2,0,'jpeg','id922_0(22)_5_1_10__F_2.jpeg','L1(22).jpeg','2023-01-11 19:47:51','2023-01-11 19:47:51'),(923,5,2,0,'jpeg','id923_0(23)_5_1_11__F_2.jpeg','L1(23).jpeg','2023-01-11 19:47:51','2023-01-11 19:47:51'),(924,5,2,0,'jpeg','id924_0(24)_5_1_11__F_2.jpeg','L1(24).jpeg','2023-01-11 19:47:51','2023-01-11 19:47:51'),(925,5,2,0,'jpeg','id925_0(25)_5_1_12__F_2.jpeg','L1(25).jpeg','2023-01-11 19:47:53','2023-01-11 19:47:53'),(926,5,2,0,'jpeg','id926_0(26)_5_1_12__F_2.jpeg','L1(26).jpeg','2023-01-11 19:47:53','2023-01-11 19:47:53'),(927,5,2,0,'jpeg','id927_0(27)_5_1_13__F_2.jpeg','L1(27).jpeg','2023-01-11 19:47:53','2023-01-11 19:47:53'),(928,5,2,0,'jpeg','id928_0(28)_5_1_13__F_2.jpeg','L1(28).jpeg','2023-01-11 19:47:53','2023-01-11 19:47:53'),(929,5,2,0,'jpeg','id929_0(29)_5_1_14__F_2.jpeg','L1(29).jpeg','2023-01-11 19:47:53','2023-01-11 19:47:53'),(930,5,2,0,'jpeg','id930_0(30)_5_1_14__F_2.jpeg','L1(30).jpeg','2023-01-11 19:47:56','2023-01-11 19:47:56'),(931,5,2,0,'jpeg','id931_0(31)_5_1_15__F_2.jpeg','L1(31).jpeg','2023-01-11 19:47:56','2023-01-11 19:47:56'),(932,5,2,0,'jpeg','id932_0(32)_5_1_15__F_2.jpeg','L1(32).jpeg','2023-01-11 19:47:56','2023-01-11 19:47:56'),(933,5,2,0,'jpeg','id933_0(33)_5_1_16__F_2.jpeg','L1(33).jpeg','2023-01-11 19:47:56','2023-01-11 19:47:56'),(934,5,2,0,'jpeg','id934_0(34)_5_1_16__F_2.jpeg','L1(34).jpeg','2023-01-11 19:47:56','2023-01-11 19:47:56'),(935,5,2,0,'jpeg','id935_0(35)_5_1_17__F_2.jpeg','L1(35).jpeg','2023-01-11 19:47:58','2023-01-11 19:47:58'),(936,5,2,0,'jpeg','id936_0(36)_5_1_17__F_2.jpeg','L1(36).jpeg','2023-01-11 19:47:58','2023-01-11 19:47:58'),(937,5,2,0,'jpeg','id937_0(37)_5_1_18__F_2.jpeg','L1(37).jpeg','2023-01-11 19:47:58','2023-01-11 19:47:58'),(938,5,2,0,'jpeg','id938_0(38)_5_1_18__F_2.jpeg','L1(38).jpeg','2023-01-11 19:47:58','2023-01-11 19:47:58'),(939,5,2,0,'jpeg','id939_0(39)_5_1_19__F_2.jpeg','L1(39).jpeg','2023-01-11 19:47:58','2023-01-11 19:47:58'),(940,5,2,0,'jpeg','id940_0(40)_5_1_19__F_2.jpeg','L1(40).jpeg','2023-01-11 19:48:00','2023-01-11 19:48:00'),(941,5,2,0,'jpeg','id941_0(41)_5_1_20__F_2.jpeg','L1(41).jpeg','2023-01-11 19:48:00','2023-01-11 19:48:00'),(942,5,2,0,'jpeg','id942_0(42)_5_1_20__F_2.jpeg','L1(42).jpeg','2023-01-11 19:48:00','2023-01-11 19:48:00'),(943,5,2,0,'jpeg','id943_0(43)_5_1_21__F_2.jpeg','L1(43).jpeg','2023-01-11 19:48:00','2023-01-11 19:48:00'),(944,5,2,0,'jpeg','id944_0(44)_5_1_21__F_2.jpeg','L1(44).jpeg','2023-01-11 19:48:00','2023-01-11 19:48:00'),(945,5,2,0,'jpeg','id945_0(45)_5_1_22__F_2.jpeg','L1(45).jpeg','2023-01-11 19:48:02','2023-01-11 19:48:02'),(946,5,2,0,'jpeg','id946_0(46)_5_1_22__F_2.jpeg','L1(46).jpeg','2023-01-11 19:48:02','2023-01-11 19:48:02'),(947,5,2,0,'jpeg','id947_0(47)_5_1_23__F_2.jpeg','L1(47).jpeg','2023-01-11 19:48:02','2023-01-11 19:48:02'),(948,5,2,0,'jpeg','id948_0(48)_5_1_23__F_2.jpeg','L1(48).jpeg','2023-01-11 19:48:02','2023-01-11 19:48:02'),(949,5,2,0,'jpeg','id949_0(49)_5_1_24__F_2.jpeg','L1(49).jpeg','2023-01-11 19:48:02','2023-01-11 19:48:02'),(950,5,2,0,'jpeg','id950_0(50)_5_1_24__F_2.jpeg','L1(50).jpeg','2023-01-11 19:48:04','2023-01-11 19:48:04'),(951,5,2,0,'jpeg','id951_0(51)_5_1_25__F_2.jpeg','L1(51).jpeg','2023-01-11 19:48:04','2023-01-11 19:48:04'),(1001,6,2,0,'jpeg','id1001_0(1)_6_1_0__F_3.jpeg','L1(1).jpeg','2023-01-11 19:49:02','2023-01-11 19:49:02'),(1001,6,2,1,'jpeg','id1001_1(1)_6_1_0__F_3.jpeg','L1(1).jpeg','2023-01-11 19:51:01','2023-01-11 19:51:01'),(1002,6,2,0,'jpeg','id1002_0(2)_6_1_0__F_3.jpeg','L1(2).jpeg','2023-01-11 19:49:02','2023-01-11 19:49:02'),(1002,6,2,1,'jpeg','id1002_1(2)_6_1_0__F_3.jpeg','L1(2).jpeg','2023-01-11 19:51:01','2023-01-11 19:51:01'),(1003,6,2,0,'jpeg','id1003_0(3)_6_1_1__F_3.jpeg','L1(3).jpeg','2023-01-11 19:49:02','2023-01-11 19:49:02'),(1003,6,2,1,'jpeg','id1003_1(3)_6_1_1__F_3.jpeg','L1(3).jpeg','2023-01-11 19:51:01','2023-01-11 19:51:01'),(1004,6,2,0,'jpeg','id1004_0(4)_6_1_1__F_3.jpeg','L1(4).jpeg','2023-01-11 19:49:02','2023-01-11 19:49:02'),(1004,6,2,1,'jpeg','id1004_1(4)_6_1_1__F_3.jpeg','L1(4).jpeg','2023-01-11 19:51:01','2023-01-11 19:51:01'),(1005,6,2,0,'jpeg','id1005_0(5)_6_1_2__F_3.jpeg','L1(5).jpeg','2023-01-11 19:49:04','2023-01-11 19:49:04'),(1005,6,2,1,'jpeg','id1005_1(5)_6_1_2__F_3.jpeg','L1(5).jpeg','2023-01-11 19:51:03','2023-01-11 19:51:03'),(1006,6,2,0,'jpeg','id1006_0(6)_6_1_2__F_3.jpeg','L1(6).jpeg','2023-01-11 19:49:04','2023-01-11 19:49:04'),(1006,6,2,1,'jpeg','id1006_1(6)_6_1_2__F_3.jpeg','L1(6).jpeg','2023-01-11 19:51:03','2023-01-11 19:51:03'),(1007,6,2,0,'jpeg','id1007_0(7)_6_1_3__F_3.jpeg','L1(7).jpeg','2023-01-11 19:49:04','2023-01-11 19:49:04'),(1007,6,2,1,'jpeg','id1007_1(7)_6_1_3__F_3.jpeg','L1(7).jpeg','2023-01-11 19:51:03','2023-01-11 19:51:03'),(1008,6,2,0,'jpeg','id1008_0(8)_6_1_3__F_3.jpeg','L1(8).jpeg','2023-01-11 19:49:04','2023-01-11 19:49:04'),(1008,6,2,1,'jpeg','id1008_1(8)_6_1_3__F_3.jpeg','L1(8).jpeg','2023-01-11 19:51:03','2023-01-11 19:51:03'),(1009,6,2,0,'jpeg','id1009_0(9)_6_1_4__F_3.jpeg','L1(9).jpeg','2023-01-11 19:49:04','2023-01-11 19:49:04'),(1009,6,2,1,'jpeg','id1009_1(9)_6_1_4__F_3.jpeg','L1(9).jpeg','2023-01-11 19:51:03','2023-01-11 19:51:03'),(1010,6,2,0,'jpeg','id1010_0(10)_6_1_4__F_3.jpeg','L1(10).jpeg','2023-01-11 19:49:06','2023-01-11 19:49:06'),(1010,6,2,1,'jpeg','id1010_1(10)_6_1_4__F_3.jpeg','L1(10).jpeg','2023-01-11 19:51:05','2023-01-11 19:51:05'),(1011,6,2,0,'jpeg','id1011_0(11)_6_1_5__F_3.jpeg','L1(11).jpeg','2023-01-11 19:49:06','2023-01-11 19:49:06'),(1011,6,2,1,'jpeg','id1011_1(11)_6_1_5__F_3.jpeg','L1(11).jpeg','2023-01-11 19:51:05','2023-01-11 19:51:05'),(1012,6,2,0,'jpeg','id1012_0(12)_6_1_5__F_3.jpeg','L1(12).jpeg','2023-01-11 19:49:06','2023-01-11 19:49:06'),(1012,6,2,1,'jpeg','id1012_1(12)_6_1_5__F_3.jpeg','L1(12).jpeg','2023-01-11 19:51:05','2023-01-11 19:51:05'),(1013,6,2,0,'jpeg','id1013_0(13)_6_1_6__F_3.jpeg','L1(13).jpeg','2023-01-11 19:49:06','2023-01-11 19:49:06'),(1013,6,2,1,'jpeg','id1013_1(13)_6_1_6__F_3.jpeg','L1(13).jpeg','2023-01-11 19:51:05','2023-01-11 19:51:05'),(1014,6,2,0,'jpeg','id1014_0(14)_6_1_6__F_3.jpeg','L1(14).jpeg','2023-01-11 19:49:06','2023-01-11 19:49:06'),(1014,6,2,1,'jpeg','id1014_1(14)_6_1_6__F_3.jpeg','L1(14).jpeg','2023-01-11 19:51:05','2023-01-11 19:51:05'),(1015,6,2,0,'jpeg','id1015_0(15)_6_1_7__F_3.jpeg','L1(15).jpeg','2023-01-11 19:49:08','2023-01-11 19:49:08'),(1015,6,2,1,'jpeg','id1015_1(15)_6_1_7__F_3.jpeg','L1(15).jpeg','2023-01-11 19:51:07','2023-01-11 19:51:07'),(1016,6,2,0,'jpeg','id1016_0(16)_6_1_7__F_3.jpeg','L1(16).jpeg','2023-01-11 19:49:08','2023-01-11 19:49:08'),(1016,6,2,1,'jpeg','id1016_1(16)_6_1_7__F_3.jpeg','L1(16).jpeg','2023-01-11 19:51:07','2023-01-11 19:51:07'),(1017,6,2,0,'jpeg','id1017_0(17)_6_1_8__F_3.jpeg','L1(17).jpeg','2023-01-11 19:49:08','2023-01-11 19:49:08'),(1017,6,2,1,'jpeg','id1017_1(17)_6_1_8__F_3.jpeg','L1(17).jpeg','2023-01-11 19:51:07','2023-01-11 19:51:07'),(1018,6,2,0,'jpeg','id1018_0(18)_6_1_8__F_3.jpeg','L1(18).jpeg','2023-01-11 19:49:08','2023-01-11 19:49:08'),(1018,6,2,1,'jpeg','id1018_1(18)_6_1_8__F_3.jpeg','L1(18).jpeg','2023-01-11 19:51:08','2023-01-11 19:51:08'),(1019,6,2,0,'jpeg','id1019_0(19)_6_1_9__F_3.jpeg','L1(19).jpeg','2023-01-11 19:49:08','2023-01-11 19:49:08'),(1019,6,2,1,'jpeg','id1019_1(19)_6_1_9__F_3.jpeg','L1(19).jpeg','2023-01-11 19:51:08','2023-01-11 19:51:08'),(1020,6,2,0,'jpeg','id1020_0(20)_6_1_9__F_3.jpeg','L1(20).jpeg','2023-01-11 19:49:11','2023-01-11 19:49:11'),(1020,6,2,1,'jpeg','id1020_1(20)_6_1_9__F_3.jpeg','L1(20).jpeg','2023-01-11 19:51:10','2023-01-11 19:51:10'),(1021,6,2,0,'jpeg','id1021_0(21)_6_1_10__F_3.jpeg','L1(21).jpeg','2023-01-11 19:49:11','2023-01-11 19:49:11'),(1021,6,2,1,'jpeg','id1021_1(21)_6_1_10__F_3.jpeg','L1(21).jpeg','2023-01-11 19:51:10','2023-01-11 19:51:10'),(1022,6,2,0,'jpeg','id1022_0(22)_6_1_10__F_3.jpeg','L1(22).jpeg','2023-01-11 19:49:11','2023-01-11 19:49:11'),(1022,6,2,1,'jpeg','id1022_1(22)_6_1_10__F_3.jpeg','L1(22).jpeg','2023-01-11 19:51:10','2023-01-11 19:51:10'),(1023,6,2,0,'jpeg','id1023_0(23)_6_1_11__F_3.jpeg','L1(23).jpeg','2023-01-11 19:49:11','2023-01-11 19:49:11'),(1023,6,2,1,'jpeg','id1023_1(23)_6_1_11__F_3.jpeg','L1(23).jpeg','2023-01-11 19:51:10','2023-01-11 19:51:10'),(1024,6,2,0,'jpeg','id1024_0(24)_6_1_11__F_3.jpeg','L1(24).jpeg','2023-01-11 19:49:11','2023-01-11 19:49:11'),(1024,6,2,1,'jpeg','id1024_1(24)_6_1_11__F_3.jpeg','L1(24).jpeg','2023-01-11 19:51:10','2023-01-11 19:51:10'),(1025,6,2,0,'jpeg','id1025_0(25)_6_1_12__F_3.jpeg','L1(25).jpeg','2023-01-11 19:49:13','2023-01-11 19:49:13'),(1025,6,2,1,'jpeg','id1025_1(25)_6_1_12__F_3.jpeg','L1(25).jpeg','2023-01-11 19:51:12','2023-01-11 19:51:12'),(1026,6,2,0,'jpeg','id1026_0(26)_6_1_12__F_3.jpeg','L1(26).jpeg','2023-01-11 19:49:13','2023-01-11 19:49:13'),(1026,6,2,1,'jpeg','id1026_1(26)_6_1_12__F_3.jpeg','L1(26).jpeg','2023-01-11 19:51:12','2023-01-11 19:51:12'),(1027,6,2,0,'jpeg','id1027_0(27)_6_1_13__F_3.jpeg','L1(27).jpeg','2023-01-11 19:49:13','2023-01-11 19:49:13'),(1027,6,2,1,'jpeg','id1027_1(27)_6_1_13__F_3.jpeg','L1(27).jpeg','2023-01-11 19:51:12','2023-01-11 19:51:12'),(1028,6,2,0,'jpeg','id1028_0(28)_6_1_13__F_3.jpeg','L1(28).jpeg','2023-01-11 19:49:13','2023-01-11 19:49:13'),(1028,6,2,1,'jpeg','id1028_1(28)_6_1_13__F_3.jpeg','L1(28).jpeg','2023-01-11 19:51:12','2023-01-11 19:51:12'),(1029,6,2,0,'jpeg','id1029_0(29)_6_1_14__F_3.jpeg','L1(29).jpeg','2023-01-11 19:49:13','2023-01-11 19:49:13'),(1029,6,2,1,'jpeg','id1029_1(29)_6_1_14__F_3.jpeg','L1(29).jpeg','2023-01-11 19:51:12','2023-01-11 19:51:12'),(1030,6,2,0,'jpeg','id1030_0(30)_6_1_14__F_3.jpeg','L1(30).jpeg','2023-01-11 19:49:15','2023-01-11 19:49:15'),(1030,6,2,1,'jpeg','id1030_1(30)_6_1_14__F_3.jpeg','L1(30).jpeg','2023-01-11 19:51:14','2023-01-11 19:51:14'),(1031,6,2,0,'jpeg','id1031_0(31)_6_1_15__F_3.jpeg','L1(31).jpeg','2023-01-11 19:49:15','2023-01-11 19:49:15'),(1031,6,2,1,'jpeg','id1031_1(31)_6_1_15__F_3.jpeg','L1(31).jpeg','2023-01-11 19:51:14','2023-01-11 19:51:14'),(1032,6,2,0,'jpeg','id1032_0(32)_6_1_15__F_3.jpeg','L1(32).jpeg','2023-01-11 19:49:15','2023-01-11 19:49:15'),(1032,6,2,1,'jpeg','id1032_1(32)_6_1_15__F_3.jpeg','L1(32).jpeg','2023-01-11 19:51:14','2023-01-11 19:51:14'),(1033,6,2,0,'jpeg','id1033_0(33)_6_1_16__F_3.jpeg','L1(33).jpeg','2023-01-11 19:49:15','2023-01-11 19:49:15'),(1033,6,2,1,'jpeg','id1033_1(33)_6_1_16__F_3.jpeg','L1(33).jpeg','2023-01-11 19:51:14','2023-01-11 19:51:14'),(1034,6,2,0,'jpeg','id1034_0(34)_6_1_16__F_3.jpeg','L1(34).jpeg','2023-01-11 19:49:15','2023-01-11 19:49:15'),(1034,6,2,1,'jpeg','id1034_1(34)_6_1_16__F_3.jpeg','L1(34).jpeg','2023-01-11 19:51:14','2023-01-11 19:51:14'),(1035,6,2,0,'jpeg','id1035_0(35)_6_1_17__F_3.jpeg','L1(35).jpeg','2023-01-11 19:49:17','2023-01-11 19:49:17'),(1035,6,2,1,'jpeg','id1035_1(35)_6_1_17__F_3.jpeg','L1(35).jpeg','2023-01-11 19:51:16','2023-01-11 19:51:16'),(1036,6,2,0,'jpeg','id1036_0(36)_6_1_17__F_3.jpeg','L1(36).jpeg','2023-01-11 19:49:17','2023-01-11 19:49:17'),(1036,6,2,1,'jpeg','id1036_1(36)_6_1_17__F_3.jpeg','L1(36).jpeg','2023-01-11 19:51:16','2023-01-11 19:51:16'),(1037,6,2,0,'jpeg','id1037_0(37)_6_1_18__F_3.jpeg','L1(37).jpeg','2023-01-11 19:49:17','2023-01-11 19:49:17'),(1037,6,2,1,'jpeg','id1037_1(37)_6_1_18__F_3.jpeg','L1(37).jpeg','2023-01-11 19:51:16','2023-01-11 19:51:16'),(1038,6,2,0,'jpeg','id1038_0(38)_6_1_18__F_3.jpeg','L1(38).jpeg','2023-01-11 19:49:17','2023-01-11 19:49:17'),(1038,6,2,1,'jpeg','id1038_1(38)_6_1_18__F_3.jpeg','L1(38).jpeg','2023-01-11 19:51:16','2023-01-11 19:51:16'),(1039,6,2,0,'jpeg','id1039_0(39)_6_1_19__F_3.jpeg','L1(39).jpeg','2023-01-11 19:49:17','2023-01-11 19:49:17'),(1039,6,2,1,'jpeg','id1039_1(39)_6_1_19__F_3.jpeg','L1(39).jpeg','2023-01-11 19:51:16','2023-01-11 19:51:16'),(1040,6,2,0,'jpeg','id1040_0(40)_6_1_19__F_3.jpeg','L1(40).jpeg','2023-01-11 19:49:19','2023-01-11 19:49:19'),(1040,6,2,1,'jpeg','id1040_1(40)_6_1_19__F_3.jpeg','L1(40).jpeg','2023-01-11 19:51:18','2023-01-11 19:51:18'),(1041,6,2,0,'jpeg','id1041_0(41)_6_1_20__F_3.jpeg','L1(41).jpeg','2023-01-11 19:49:19','2023-01-11 19:49:19'),(1041,6,2,1,'jpeg','id1041_1(41)_6_1_20__F_3.jpeg','L1(41).jpeg','2023-01-11 19:51:18','2023-01-11 19:51:18'),(1042,6,2,0,'jpeg','id1042_0(42)_6_1_20__F_3.jpeg','L1(42).jpeg','2023-01-11 19:49:19','2023-01-11 19:49:19'),(1042,6,2,1,'jpeg','id1042_1(42)_6_1_20__F_3.jpeg','L1(42).jpeg','2023-01-11 19:51:18','2023-01-11 19:51:18'),(1043,6,2,0,'jpeg','id1043_0(43)_6_1_21__F_3.jpeg','L1(43).jpeg','2023-01-11 19:49:19','2023-01-11 19:49:19'),(1043,6,2,1,'jpeg','id1043_1(43)_6_1_21__F_3.jpeg','L1(43).jpeg','2023-01-11 19:51:18','2023-01-11 19:51:18'),(1044,6,2,0,'jpeg','id1044_0(44)_6_1_21__F_3.jpeg','L1(44).jpeg','2023-01-11 19:49:19','2023-01-11 19:49:19'),(1044,6,2,1,'jpeg','id1044_1(44)_6_1_21__F_3.jpeg','L1(44).jpeg','2023-01-11 19:51:18','2023-01-11 19:51:18'),(1045,6,2,0,'jpeg','id1045_0(45)_6_1_22__F_3.jpeg','L1(45).jpeg','2023-01-11 19:49:21','2023-01-11 19:49:21'),(1045,6,2,1,'jpeg','id1045_1(45)_6_1_22__F_3.jpeg','L1(45).jpeg','2023-01-11 19:51:20','2023-01-11 19:51:20'),(1046,6,2,0,'jpeg','id1046_0(46)_6_1_22__F_3.jpeg','L1(46).jpeg','2023-01-11 19:49:21','2023-01-11 19:49:21'),(1046,6,2,1,'jpeg','id1046_1(46)_6_1_22__F_3.jpeg','L1(46).jpeg','2023-01-11 19:51:20','2023-01-11 19:51:20'),(1047,6,2,0,'jpeg','id1047_0(47)_6_1_23__F_3.jpeg','L1(47).jpeg','2023-01-11 19:49:21','2023-01-11 19:49:21'),(1047,6,2,1,'jpeg','id1047_1(47)_6_1_23__F_3.jpeg','L1(47).jpeg','2023-01-11 19:51:20','2023-01-11 19:51:20'),(1048,6,2,0,'jpeg','id1048_0(48)_6_1_23__F_3.jpeg','L1(48).jpeg','2023-01-11 19:49:21','2023-01-11 19:49:21'),(1048,6,2,1,'jpeg','id1048_1(48)_6_1_23__F_3.jpeg','L1(48).jpeg','2023-01-11 19:51:20','2023-01-11 19:51:20'),(1049,6,2,0,'jpeg','id1049_0(49)_6_1_24__F_3.jpeg','L1(49).jpeg','2023-01-11 19:49:21','2023-01-11 19:49:21'),(1049,6,2,1,'jpeg','id1049_1(49)_6_1_24__F_3.jpeg','L1(49).jpeg','2023-01-11 19:51:20','2023-01-11 19:51:20'),(1050,6,2,0,'jpeg','id1050_0(50)_6_1_24__F_3.jpeg','L1(50).jpeg','2023-01-11 19:49:23','2023-01-11 19:49:23'),(1050,6,2,1,'jpeg','id1050_1(50)_6_1_24__F_3.jpeg','L1(50).jpeg','2023-01-11 19:51:22','2023-01-11 19:51:22'),(1051,6,2,0,'jpeg','id1051_0(51)_6_1_25__F_3.jpeg','L1(51).jpeg','2023-01-11 19:49:23','2023-01-11 19:49:23'),(1051,6,2,1,'jpeg','id1051_1(51)_6_1_25__F_3.jpeg','L1(51).jpeg','2023-01-11 19:51:23','2023-01-11 19:51:23'),(1,1,3,0,'jpeg','id1_0(1)_1_1_0__F_3.jpeg','L1(1).jpeg','2023-01-11 19:07:12','2023-01-11 19:07:12'),(1,1,3,1,'jpeg','id1_1(1)_1_1_0__F_3.jpeg','L1(1).jpeg','2023-01-11 19:10:14','2023-01-11 19:10:14'),(1,1,3,2,'jpeg','id1_2(1)_1_1_0__F_3.jpeg','L1(1).jpeg','2023-01-11 19:22:10','2023-01-11 19:22:10'),(1,1,3,3,'jpeg','id1_3(1)_1_1_0__F_3.jpeg','L1(1).jpeg','2023-01-11 19:23:56','2023-01-11 19:23:56'),(1,1,3,4,'jpg','id1_4(1)_1_1_0__F_3.jpg','L1(1).jpg','2023-01-12 15:03:46','2023-01-12 15:03:46'),(1,1,3,5,'jpg','id1_5(1)_1_1_0__F_3.jpg','L1(1).jpg','2023-01-12 16:15:46','2023-01-12 16:15:46'),(1,1,3,6,'jpg','id1_6(1)_1_1_0__F_3.jpg','L1(1).jpg','2023-01-12 16:16:52','2023-01-12 16:16:52'),(1,1,3,7,'jpg','id1_7(1)_1_1_0__F_3.jpg','L1(1).jpg','2023-01-13 18:35:30','2023-01-13 18:35:30'),(1,1,3,8,'jpg','id1_8(1)_1_1_0__F_3.jpg','L1(1).jpg','2023-01-13 18:36:31','2023-01-13 18:36:31'),(1,1,3,9,'jpeg','id1_9(4)_1_1_5__F_3.jpeg','L1(4).jpeg','2023-01-17 21:17:57','2023-01-17 21:17:57'),(1,1,3,10,'jpeg','id1_10(4)_1_1_5__F_3.jpeg','L1(4).jpeg','2023-01-17 21:19:34','2023-01-17 21:19:34'),(1,1,3,11,'jpeg','id1_11(4)_1_1_5__F_3.jpeg','L1(4).jpeg','2023-01-17 21:23:49','2023-01-17 21:23:49'),(1,1,3,12,'jpeg','id1_12(4)_1_1_5__F_3.jpeg','L1(4).jpeg','2023-01-17 21:25:28','2023-01-17 21:25:28'),(1,1,3,13,'jpeg','id1_13(4)_1_1_5__F_3.jpeg','L1(4).jpeg','2023-01-17 21:29:09','2023-01-17 21:29:09'),(2,1,3,0,'jpeg','id2_0(2)_1_1_0__F_3.jpeg','L1(2).jpeg','2023-01-11 19:07:13','2023-01-11 19:07:13'),(2,1,3,1,'jpeg','id2_1(2)_1_1_0__F_3.jpeg','L1(2).jpeg','2023-01-11 19:10:14','2023-01-11 19:10:14'),(2,1,3,2,'jpeg','id2_2(2)_1_1_0__F_3.jpeg','L1(2).jpeg','2023-01-11 19:22:10','2023-01-11 19:22:10'),(2,1,3,3,'jpeg','id2_3(2)_1_1_0__F_3.jpeg','L1(2).jpeg','2023-01-11 19:23:56','2023-01-11 19:23:56'),(2,1,3,4,'jpg','id2_4(2)_1_1_0__F_3.jpg','L1(2).jpg','2023-01-12 15:03:46','2023-01-12 15:03:46'),(2,1,3,5,'jpg','id2_5(2)_1_1_0__F_3.jpg','L1(2).jpg','2023-01-12 16:15:46','2023-01-12 16:15:46'),(2,1,3,6,'jpg','id2_6(2)_1_1_0__F_3.jpg','L1(2).jpg','2023-01-12 16:16:52','2023-01-12 16:16:52'),(2,1,3,7,'jpg','id2_7(2)_1_1_0__F_3.jpg','L1(2).jpg','2023-01-13 18:35:30','2023-01-13 18:35:30'),(2,1,3,8,'jpg','id2_8(2)_1_1_0__F_3.jpg','L1(2).jpg','2023-01-13 18:36:31','2023-01-13 18:36:31'),(2,1,3,9,'jpeg','id2_9(2)_1_1_0__F_3.jpeg','L1(2).jpeg','2023-01-17 21:17:57','2023-01-17 21:17:57'),(2,1,3,10,'jpeg','id2_10(2)_1_1_0__F_3.jpeg','L1(2).jpeg','2023-01-17 21:19:34','2023-01-17 21:19:34'),(2,1,3,11,'jpeg','id2_11(2)_1_1_0__F_3.jpeg','L1(2).jpeg','2023-01-17 21:23:49','2023-01-17 21:23:49'),(2,1,3,12,'jpeg','id2_12(2)_1_1_0__F_3.jpeg','L1(2).jpeg','2023-01-17 21:25:28','2023-01-17 21:25:28'),(2,1,3,13,'jpeg','id2_13(2)_1_1_0__F_3.jpeg','L1(2).jpeg','2023-01-17 21:29:09','2023-01-17 21:29:09'),(3,1,3,0,'jpeg','id3_0(3)_1_1_1__F_3.jpeg','L1(3).jpeg','2023-01-11 19:07:13','2023-01-11 19:07:13'),(3,1,3,1,'jpeg','id3_1(3)_1_1_1__F_3.jpeg','L1(3).jpeg','2023-01-11 19:10:14','2023-01-11 19:10:14'),(3,1,3,2,'jpeg','id3_2(3)_1_1_1__F_3.jpeg','L1(3).jpeg','2023-01-11 19:22:10','2023-01-11 19:22:10'),(3,1,3,3,'jpeg','id3_3(3)_1_1_1__F_3.jpeg','L1(3).jpeg','2023-01-11 19:23:56','2023-01-11 19:23:56'),(3,1,3,4,'jpg','id3_4(3)_1_1_1__F_3.jpg','L1(3).jpg','2023-01-12 15:03:46','2023-01-12 15:03:46'),(3,1,3,5,'jpg','id3_5(3)_1_1_1__F_3.jpg','L1(3).jpg','2023-01-12 16:15:46','2023-01-12 16:15:46'),(3,1,3,6,'jpg','id3_6(3)_1_1_1__F_3.jpg','L1(3).jpg','2023-01-12 16:16:52','2023-01-12 16:16:52'),(3,1,3,7,'jpg','id3_7(3)_1_1_1__F_3.jpg','L1(3).jpg','2023-01-13 18:35:30','2023-01-13 18:35:30'),(3,1,3,8,'jpg','id3_8(3)_1_1_1__F_3.jpg','L1(3).jpg','2023-01-13 18:36:32','2023-01-13 18:36:32'),(3,1,3,9,'jpeg','id3_9(3)_1_1_1__F_3.jpeg','L1(3).jpeg','2023-01-17 21:17:57','2023-01-17 21:17:57'),(3,1,3,10,'jpeg','id3_10(3)_1_1_1__F_3.jpeg','L1(3).jpeg','2023-01-17 21:19:34','2023-01-17 21:19:34'),(3,1,3,11,'jpeg','id3_11(3)_1_1_1__F_3.jpeg','L1(3).jpeg','2023-01-17 21:23:49','2023-01-17 21:23:49'),(3,1,3,12,'jpeg','id3_12(3)_1_1_1__F_3.jpeg','L1(3).jpeg','2023-01-17 21:25:28','2023-01-17 21:25:28'),(3,1,3,13,'jpeg','id3_13(3)_1_1_1__F_3.jpeg','L1(3).jpeg','2023-01-17 21:29:09','2023-01-17 21:29:09'),(4,1,3,0,'jpeg','id4_0(4)_1_1_1__F_3.jpeg','L1(4).jpeg','2023-01-11 19:07:13','2023-01-11 19:07:13'),(4,1,3,1,'jpeg','id4_1(4)_1_1_1__F_3.jpeg','L1(4).jpeg','2023-01-11 19:10:15','2023-01-11 19:10:15'),(4,1,3,2,'jpeg','id4_2(4)_1_1_1__F_3.jpeg','L1(4).jpeg','2023-01-11 19:22:10','2023-01-11 19:22:10'),(4,1,3,3,'jpeg','id4_3(4)_1_1_1__F_3.jpeg','L1(4).jpeg','2023-01-11 19:23:56','2023-01-11 19:23:56'),(4,1,3,4,'jpg','id4_4(4)_1_1_1__F_3.jpg','L1(4).jpg','2023-01-12 15:03:46','2023-01-12 15:03:46'),(4,1,3,5,'jpg','id4_5(4)_1_1_1__F_3.jpg','L1(4).jpg','2023-01-12 16:15:46','2023-01-12 16:15:46'),(4,1,3,6,'jpg','id4_6(4)_1_1_1__F_3.jpg','L1(4).jpg','2023-01-12 16:16:52','2023-01-12 16:16:52'),(4,1,3,7,'jpg','id4_7(4)_1_1_1__F_3.jpg','L1(4).jpg','2023-01-13 18:35:30','2023-01-13 18:35:30'),(4,1,3,8,'jpg','id4_8(4)_1_1_1__F_3.jpg','L1(4).jpg','2023-01-13 18:36:32','2023-01-13 18:36:32'),(5,1,3,0,'jpeg','id5_0(5)_1_1_2__F_3.jpeg','L1(5).jpeg','2023-01-11 19:07:15','2023-01-11 19:07:15'),(5,1,3,1,'jpeg','id5_1(5)_1_1_2__F_3.jpeg','L1(5).jpeg','2023-01-11 19:10:17','2023-01-11 19:10:17'),(5,1,3,2,'jpeg','id5_2(5)_1_1_2__F_3.jpeg','L1(5).jpeg','2023-01-11 19:22:12','2023-01-11 19:22:12'),(5,1,3,3,'jpeg','id5_3(5)_1_1_2__F_3.jpeg','L1(5).jpeg','2023-01-11 19:23:58','2023-01-11 19:23:58'),(5,1,3,4,'jpg','id5_4(5)_1_1_2__F_3.jpg','L1(5).jpg','2023-01-12 15:03:48','2023-01-12 15:03:48'),(5,1,3,5,'jpg','id5_5(5)_1_1_2__F_3.jpg','L1(5).jpg','2023-01-12 16:15:48','2023-01-12 16:15:48'),(5,1,3,6,'jpg','id5_6(5)_1_1_2__F_3.jpg','L1(5).jpg','2023-01-12 16:16:54','2023-01-12 16:16:54'),(5,1,3,7,'jpg','id5_7(5)_1_1_2__F_3.jpg','L1(5).jpg','2023-01-13 18:35:32','2023-01-13 18:35:32'),(5,1,3,8,'jpg','id5_8(5)_1_1_2__F_3.jpg','L1(5).jpg','2023-01-13 18:36:34','2023-01-13 18:36:34'),(5,1,3,9,'jpeg','id5_9(5)_1_1_2__F_3.jpeg','L1(5).jpeg','2023-01-17 21:17:59','2023-01-17 21:17:59'),(5,1,3,10,'jpeg','id5_10(5)_1_1_2__F_3.jpeg','L1(5).jpeg','2023-01-17 21:19:36','2023-01-17 21:19:36'),(5,1,3,11,'jpeg','id5_11(5)_1_1_2__F_3.jpeg','L1(5).jpeg','2023-01-17 21:23:51','2023-01-17 21:23:51'),(5,1,3,12,'jpeg','id5_12(5)_1_1_2__F_3.jpeg','L1(5).jpeg','2023-01-17 21:25:30','2023-01-17 21:25:30'),(5,1,3,13,'jpeg','id5_13(5)_1_1_2__F_3.jpeg','L1(5).jpeg','2023-01-17 21:29:11','2023-01-17 21:29:11'),(6,1,3,0,'jpeg','id6_0(6)_1_1_2__F_3.jpeg','L1(6).jpeg','2023-01-11 19:07:15','2023-01-11 19:07:15'),(6,1,3,1,'jpeg','id6_1(6)_1_1_2__F_3.jpeg','L1(6).jpeg','2023-01-11 19:10:17','2023-01-11 19:10:17'),(6,1,3,2,'jpeg','id6_2(6)_1_1_2__F_3.jpeg','L1(6).jpeg','2023-01-11 19:22:12','2023-01-11 19:22:12'),(6,1,3,3,'jpeg','id6_3(6)_1_1_2__F_3.jpeg','L1(6).jpeg','2023-01-11 19:23:58','2023-01-11 19:23:58'),(6,1,3,4,'jpg','id6_4(6)_1_1_2__F_3.jpg','L1(6).jpg','2023-01-12 15:03:48','2023-01-12 15:03:48'),(6,1,3,5,'jpg','id6_5(6)_1_1_2__F_3.jpg','L1(6).jpg','2023-01-12 16:15:48','2023-01-12 16:15:48'),(6,1,3,6,'jpg','id6_6(6)_1_1_2__F_3.jpg','L1(6).jpg','2023-01-12 16:16:54','2023-01-12 16:16:54'),(6,1,3,7,'jpg','id6_7(6)_1_1_2__F_3.jpg','L1(6).jpg','2023-01-13 18:35:32','2023-01-13 18:35:32'),(6,1,3,8,'jpg','id6_8(6)_1_1_2__F_3.jpg','L1(6).jpg','2023-01-13 18:36:34','2023-01-13 18:36:34'),(6,1,3,9,'jpeg','id6_9(6)_1_1_2__F_3.jpeg','L1(6).jpeg','2023-01-17 21:17:59','2023-01-17 21:17:59'),(6,1,3,10,'jpeg','id6_10(6)_1_1_2__F_3.jpeg','L1(6).jpeg','2023-01-17 21:19:36','2023-01-17 21:19:36'),(6,1,3,11,'jpeg','id6_11(6)_1_1_2__F_3.jpeg','L1(6).jpeg','2023-01-17 21:23:51','2023-01-17 21:23:51'),(6,1,3,12,'jpeg','id6_12(6)_1_1_2__F_3.jpeg','L1(6).jpeg','2023-01-17 21:25:30','2023-01-17 21:25:30'),(6,1,3,13,'jpeg','id6_13(6)_1_1_2__F_3.jpeg','L1(6).jpeg','2023-01-17 21:29:11','2023-01-17 21:29:11'),(7,1,3,0,'jpeg','id7_0(7)_1_1_3__F_3.jpeg','L1(7).jpeg','2023-01-11 19:07:15','2023-01-11 19:07:15'),(7,1,3,1,'jpeg','id7_1(7)_1_1_3__F_3.jpeg','L1(7).jpeg','2023-01-11 19:10:17','2023-01-11 19:10:17'),(7,1,3,2,'jpeg','id7_2(7)_1_1_3__F_3.jpeg','L1(7).jpeg','2023-01-11 19:22:12','2023-01-11 19:22:12'),(7,1,3,3,'jpeg','id7_3(7)_1_1_3__F_3.jpeg','L1(7).jpeg','2023-01-11 19:23:58','2023-01-11 19:23:58'),(7,1,3,4,'jpg','id7_4(7)_1_1_3__F_3.jpg','L1(7).jpg','2023-01-12 16:16:54','2023-01-12 16:16:54'),(7,1,3,5,'jpg','id7_5(7)_1_1_3__F_3.jpg','L1(7).jpg','2023-01-13 18:35:32','2023-01-13 18:35:32'),(7,1,3,6,'jpg','id7_6(7)_1_1_3__F_3.jpg','L1(7).jpg','2023-01-13 18:36:34','2023-01-13 18:36:34'),(7,1,3,7,'jpeg','id7_7(7)_1_1_3__F_3.jpeg','L1(7).jpeg','2023-01-17 21:17:59','2023-01-17 21:17:59'),(7,1,3,8,'jpeg','id7_8(7)_1_1_3__F_3.jpeg','L1(7).jpeg','2023-01-17 21:19:36','2023-01-17 21:19:36'),(7,1,3,9,'jpeg','id7_9(7)_1_1_3__F_3.jpeg','L1(7).jpeg','2023-01-17 21:23:51','2023-01-17 21:23:51'),(7,1,3,10,'jpeg','id7_10(7)_1_1_3__F_3.jpeg','L1(7).jpeg','2023-01-17 21:25:30','2023-01-17 21:25:30'),(7,1,3,11,'jpeg','id7_11(7)_1_1_3__F_3.jpeg','L1(7).jpeg','2023-01-17 21:29:11','2023-01-17 21:29:11'),(8,1,3,0,'jpeg','id8_0(8)_1_1_3__F_3.jpeg','L1(8).jpeg','2023-01-11 19:07:15','2023-01-11 19:07:15'),(8,1,3,1,'jpeg','id8_1(8)_1_1_3__F_3.jpeg','L1(8).jpeg','2023-01-11 19:10:17','2023-01-11 19:10:17'),(8,1,3,2,'jpeg','id8_2(8)_1_1_3__F_3.jpeg','L1(8).jpeg','2023-01-11 19:22:12','2023-01-11 19:22:12'),(8,1,3,3,'jpeg','id8_3(8)_1_1_3__F_3.jpeg','L1(8).jpeg','2023-01-11 19:23:58','2023-01-11 19:23:58'),(8,1,3,4,'jpg','id8_4(8)_1_1_3__F_3.jpg','L1(8).jpg','2023-01-12 16:16:54','2023-01-12 16:16:54'),(8,1,3,5,'jpg','id8_5(8)_1_1_3__F_3.jpg','L1(8).jpg','2023-01-13 18:35:32','2023-01-13 18:35:32'),(8,1,3,6,'jpg','id8_6(8)_1_1_3__F_3.jpg','L1(8).jpg','2023-01-13 18:36:34','2023-01-13 18:36:34'),(8,1,3,7,'jpeg','id8_7(8)_1_1_3__F_3.jpeg','L1(8).jpeg','2023-01-17 21:17:59','2023-01-17 21:17:59'),(8,1,3,8,'jpeg','id8_8(8)_1_1_3__F_3.jpeg','L1(8).jpeg','2023-01-17 21:19:36','2023-01-17 21:19:36'),(8,1,3,9,'jpeg','id8_9(8)_1_1_3__F_3.jpeg','L1(8).jpeg','2023-01-17 21:23:51','2023-01-17 21:23:51'),(8,1,3,10,'jpeg','id8_10(8)_1_1_3__F_3.jpeg','L1(8).jpeg','2023-01-17 21:25:30','2023-01-17 21:25:30'),(8,1,3,11,'jpeg','id8_11(8)_1_1_3__F_3.jpeg','L1(8).jpeg','2023-01-17 21:29:11','2023-01-17 21:29:11'),(9,1,3,0,'jpeg','id9_0(9)_1_1_4__F_3.jpeg','L1(9).jpeg','2023-01-11 19:07:15','2023-01-11 19:07:15'),(9,1,3,1,'jpeg','id9_1(9)_1_1_4__F_3.jpeg','L1(9).jpeg','2023-01-11 19:10:17','2023-01-11 19:10:17'),(9,1,3,2,'jpeg','id9_2(9)_1_1_4__F_3.jpeg','L1(9).jpeg','2023-01-11 19:22:12','2023-01-11 19:22:12'),(9,1,3,3,'jpeg','id9_3(9)_1_1_4__F_3.jpeg','L1(9).jpeg','2023-01-11 19:23:58','2023-01-11 19:23:58'),(9,1,3,4,'jpg','id9_4(9)_1_1_4__F_3.jpg','L1(9).jpg','2023-01-12 16:16:54','2023-01-12 16:16:54'),(9,1,3,5,'jpg','id9_5(9)_1_1_4__F_3.jpg','L1(9).jpg','2023-01-13 18:35:32','2023-01-13 18:35:32'),(9,1,3,6,'jpg','id9_6(9)_1_1_4__F_3.jpg','L1(9).jpg','2023-01-13 18:36:34','2023-01-13 18:36:34'),(9,1,3,7,'jpeg','id9_7(9)_1_1_4__F_3.jpeg','L1(9).jpeg','2023-01-17 21:17:59','2023-01-17 21:17:59'),(9,1,3,8,'jpeg','id9_8(9)_1_1_4__F_3.jpeg','L1(9).jpeg','2023-01-17 21:19:36','2023-01-17 21:19:36'),(9,1,3,9,'jpeg','id9_9(9)_1_1_4__F_3.jpeg','L1(9).jpeg','2023-01-17 21:23:51','2023-01-17 21:23:51'),(9,1,3,10,'jpeg','id9_10(9)_1_1_4__F_3.jpeg','L1(9).jpeg','2023-01-17 21:25:30','2023-01-17 21:25:30'),(9,1,3,11,'jpeg','id9_11(9)_1_1_4__F_3.jpeg','L1(9).jpeg','2023-01-17 21:29:11','2023-01-17 21:29:11'),(10,1,3,0,'jpeg','id10_0(10)_1_1_4__F_3.jpeg','L1(10).jpeg','2023-01-11 19:07:17','2023-01-11 19:07:17'),(10,1,3,1,'jpeg','id10_1(10)_1_1_4__F_3.jpeg','L1(10).jpeg','2023-01-11 19:10:19','2023-01-11 19:10:19'),(10,1,3,2,'jpeg','id10_2(10)_1_1_4__F_3.jpeg','L1(10).jpeg','2023-01-11 19:22:14','2023-01-11 19:22:14'),(10,1,3,3,'jpeg','id10_3(10)_1_1_4__F_3.jpeg','L1(10).jpeg','2023-01-11 19:24:00','2023-01-11 19:24:00'),(10,1,3,4,'jpg','id10_4(10)_1_1_4__F_3.jpg','L1(10).jpg','2023-01-12 16:16:56','2023-01-12 16:16:56'),(10,1,3,5,'jpg','id10_5(10)_1_1_4__F_3.jpg','L1(10).jpg','2023-01-13 18:35:34','2023-01-13 18:35:34'),(10,1,3,6,'jpg','id10_6(10)_1_1_4__F_3.jpg','L1(10).jpg','2023-01-13 18:36:36','2023-01-13 18:36:36'),(10,1,3,7,'jpeg','id10_7(10)_1_1_4__F_3.jpeg','L1(10).jpeg','2023-01-17 21:18:01','2023-01-17 21:18:01'),(10,1,3,8,'jpeg','id10_8(10)_1_1_4__F_3.jpeg','L1(10).jpeg','2023-01-17 21:19:38','2023-01-17 21:19:38'),(10,1,3,9,'jpeg','id10_9(10)_1_1_4__F_3.jpeg','L1(10).jpeg','2023-01-17 21:23:53','2023-01-17 21:23:53'),(10,1,3,10,'jpeg','id10_10(10)_1_1_4__F_3.jpeg','L1(10).jpeg','2023-01-17 21:25:32','2023-01-17 21:25:32'),(10,1,3,11,'jpeg','id10_11(10)_1_1_4__F_3.jpeg','L1(10).jpeg','2023-01-17 21:29:13','2023-01-17 21:29:13'),(11,1,3,0,'jpeg','id11_0(11)_1_1_5__F_3.jpeg','L1(11).jpeg','2023-01-11 19:07:17','2023-01-11 19:07:17'),(11,1,3,1,'jpeg','id11_1(11)_1_1_5__F_3.jpeg','L1(11).jpeg','2023-01-11 19:10:19','2023-01-11 19:10:19'),(11,1,3,2,'jpeg','id11_2(11)_1_1_5__F_3.jpeg','L1(11).jpeg','2023-01-11 19:22:14','2023-01-11 19:22:14'),(11,1,3,3,'jpeg','id11_3(11)_1_1_5__F_3.jpeg','L1(11).jpeg','2023-01-11 19:24:00','2023-01-11 19:24:00'),(11,1,3,4,'jpg','id11_4(11)_1_1_5__F_3.jpg','L1(11).jpg','2023-01-12 16:16:56','2023-01-12 16:16:56'),(11,1,3,5,'jpg','id11_5(11)_1_1_5__F_3.jpg','L1(11).jpg','2023-01-13 18:35:34','2023-01-13 18:35:34'),(11,1,3,6,'jpeg','id11_6(11)_1_1_5__F_3.jpeg','L1(11).jpeg','2023-01-17 21:25:32','2023-01-17 21:25:32'),(11,1,3,7,'jpeg','id11_7(11)_1_1_5__F_3.jpeg','L1(11).jpeg','2023-01-17 21:29:13','2023-01-17 21:29:13'),(12,1,3,0,'jpeg','id12_0(12)_1_1_5__F_3.jpeg','L1(12).jpeg','2023-01-11 19:07:17','2023-01-11 19:07:17'),(12,1,3,1,'jpeg','id12_1(12)_1_1_5__F_3.jpeg','L1(12).jpeg','2023-01-11 19:10:19','2023-01-11 19:10:19'),(12,1,3,2,'jpeg','id12_2(12)_1_1_5__F_3.jpeg','L1(12).jpeg','2023-01-11 19:22:15','2023-01-11 19:22:15'),(12,1,3,3,'jpeg','id12_3(12)_1_1_5__F_3.jpeg','L1(12).jpeg','2023-01-11 19:24:01','2023-01-11 19:24:01'),(12,1,3,4,'jpg','id12_4(12)_1_1_5__F_3.jpg','L1(12).jpg','2023-01-12 16:16:56','2023-01-12 16:16:56'),(12,1,3,5,'jpg','id12_5(12)_1_1_5__F_3.jpg','L1(12).jpg','2023-01-13 18:35:34','2023-01-13 18:35:34'),(12,1,3,6,'jpeg','id12_6(12)_1_1_5__F_3.jpeg','L1(12).jpeg','2023-01-17 21:25:32','2023-01-17 21:25:32'),(12,1,3,7,'jpeg','id12_7(12)_1_1_5__F_3.jpeg','L1(12).jpeg','2023-01-17 21:29:13','2023-01-17 21:29:13'),(13,1,3,0,'jpeg','id13_0(13)_1_1_6__F_3.jpeg','L1(13).jpeg','2023-01-11 19:07:17','2023-01-11 19:07:17'),(13,1,3,1,'jpeg','id13_1(13)_1_1_6__F_3.jpeg','L1(13).jpeg','2023-01-11 19:10:19','2023-01-11 19:10:19'),(13,1,3,2,'jpeg','id13_2(13)_1_1_6__F_3.jpeg','L1(13).jpeg','2023-01-11 19:22:15','2023-01-11 19:22:15'),(13,1,3,3,'jpeg','id13_3(13)_1_1_6__F_3.jpeg','L1(13).jpeg','2023-01-11 19:24:01','2023-01-11 19:24:01'),(13,1,3,4,'jpg','id13_4(13)_1_1_6__F_3.jpg','L1(13).jpg','2023-01-12 16:16:56','2023-01-12 16:16:56'),(13,1,3,5,'jpg','id13_5(13)_1_1_6__F_3.jpg','L1(13).jpg','2023-01-13 18:35:34','2023-01-13 18:35:34'),(13,1,3,6,'jpeg','id13_6(13)_1_1_6__F_3.jpeg','L1(13).jpeg','2023-01-17 21:25:32','2023-01-17 21:25:32'),(13,1,3,7,'jpeg','id13_7(13)_1_1_6__F_3.jpeg','L1(13).jpeg','2023-01-17 21:29:13','2023-01-17 21:29:13'),(14,1,3,0,'jpeg','id14_0(14)_1_1_6__F_3.jpeg','L1(14).jpeg','2023-01-11 19:07:17','2023-01-11 19:07:17'),(14,1,3,1,'jpeg','id14_1(14)_1_1_6__F_3.jpeg','L1(14).jpeg','2023-01-11 19:10:19','2023-01-11 19:10:19'),(14,1,3,2,'jpeg','id14_2(14)_1_1_6__F_3.jpeg','L1(14).jpeg','2023-01-11 19:22:15','2023-01-11 19:22:15'),(14,1,3,3,'jpeg','id14_3(14)_1_1_6__F_3.jpeg','L1(14).jpeg','2023-01-11 19:24:01','2023-01-11 19:24:01'),(14,1,3,4,'jpg','id14_4(14)_1_1_6__F_3.jpg','L1(14).jpg','2023-01-12 16:16:56','2023-01-12 16:16:56'),(14,1,3,5,'jpg','id14_5(14)_1_1_6__F_3.jpg','L1(14).jpg','2023-01-13 18:35:34','2023-01-13 18:35:34'),(14,1,3,6,'jpeg','id14_6(14)_1_1_6__F_3.jpeg','L1(14).jpeg','2023-01-17 21:25:32','2023-01-17 21:25:32'),(14,1,3,7,'jpeg','id14_7(14)_1_1_6__F_3.jpeg','L1(14).jpeg','2023-01-17 21:29:14','2023-01-17 21:29:14'),(15,1,3,0,'jpeg','id15_0(15)_1_1_7__F_3.jpeg','L1(15).jpeg','2023-01-11 19:07:19','2023-01-11 19:07:19'),(15,1,3,1,'jpeg','id15_1(15)_1_1_7__F_3.jpeg','L1(15).jpeg','2023-01-11 19:10:21','2023-01-11 19:10:21'),(15,1,3,2,'jpeg','id15_2(15)_1_1_7__F_3.jpeg','L1(15).jpeg','2023-01-11 19:22:17','2023-01-11 19:22:17'),(15,1,3,3,'jpeg','id15_3(15)_1_1_7__F_3.jpeg','L1(15).jpeg','2023-01-11 19:24:03','2023-01-11 19:24:03'),(15,1,3,4,'jpg','id15_4(15)_1_1_7__F_3.jpg','L1(15).jpg','2023-01-12 16:16:58','2023-01-12 16:16:58'),(15,1,3,5,'jpg','id15_5(15)_1_1_7__F_3.jpg','L1(15).jpg','2023-01-13 18:35:36','2023-01-13 18:35:36'),(15,1,3,6,'jpeg','id15_6(15)_1_1_7__F_3.jpeg','L1(15).jpeg','2023-01-17 21:25:34','2023-01-17 21:25:34'),(15,1,3,7,'jpeg','id15_7(15)_1_1_7__F_3.jpeg','L1(15).jpeg','2023-01-17 21:29:16','2023-01-17 21:29:16'),(16,1,3,0,'jpeg','id16_0(16)_1_1_7__F_3.jpeg','L1(16).jpeg','2023-01-11 19:07:19','2023-01-11 19:07:19'),(16,1,3,1,'jpeg','id16_1(16)_1_1_7__F_3.jpeg','L1(16).jpeg','2023-01-11 19:10:21','2023-01-11 19:10:21'),(16,1,3,2,'jpeg','id16_2(16)_1_1_7__F_3.jpeg','L1(16).jpeg','2023-01-11 19:22:17','2023-01-11 19:22:17'),(16,1,3,3,'jpeg','id16_3(16)_1_1_7__F_3.jpeg','L1(16).jpeg','2023-01-11 19:24:03','2023-01-11 19:24:03'),(16,1,3,4,'jpg','id16_4(16)_1_1_7__F_3.jpg','L1(16).jpg','2023-01-12 16:16:58','2023-01-12 16:16:58'),(16,1,3,5,'jpg','id16_5(16)_1_1_7__F_3.jpg','L1(16).jpg','2023-01-13 18:35:36','2023-01-13 18:35:36'),(16,1,3,6,'jpeg','id16_6(16)_1_1_7__F_3.jpeg','L1(16).jpeg','2023-01-17 21:25:34','2023-01-17 21:25:34'),(16,1,3,7,'jpeg','id16_7(16)_1_1_7__F_3.jpeg','L1(16).jpeg','2023-01-17 21:29:16','2023-01-17 21:29:16'),(17,1,3,0,'jpeg','id17_0(17)_1_1_8__F_3.jpeg','L1(17).jpeg','2023-01-11 19:07:19','2023-01-11 19:07:19'),(17,1,3,1,'jpeg','id17_1(17)_1_1_8__F_3.jpeg','L1(17).jpeg','2023-01-11 19:10:21','2023-01-11 19:10:21'),(17,1,3,2,'jpeg','id17_2(17)_1_1_8__F_3.jpeg','L1(17).jpeg','2023-01-11 19:22:17','2023-01-11 19:22:17'),(17,1,3,3,'jpeg','id17_3(17)_1_1_8__F_3.jpeg','L1(17).jpeg','2023-01-11 19:24:03','2023-01-11 19:24:03'),(17,1,3,4,'jpg','id17_4(17)_1_1_8__F_3.jpg','L1(17).jpg','2023-01-12 16:16:58','2023-01-12 16:16:58'),(17,1,3,5,'jpg','id17_5(17)_1_1_8__F_3.jpg','L1(17).jpg','2023-01-13 18:35:37','2023-01-13 18:35:37'),(17,1,3,6,'jpeg','id17_6(17)_1_1_8__F_3.jpeg','L1(17).jpeg','2023-01-17 21:25:34','2023-01-17 21:25:34'),(17,1,3,7,'jpeg','id17_7(17)_1_1_8__F_3.jpeg','L1(17).jpeg','2023-01-17 21:29:16','2023-01-17 21:29:16'),(18,1,3,0,'jpeg','id18_0(18)_1_1_8__F_3.jpeg','L1(18).jpeg','2023-01-11 19:07:19','2023-01-11 19:07:19'),(18,1,3,1,'jpeg','id18_1(18)_1_1_8__F_3.jpeg','L1(18).jpeg','2023-01-11 19:10:21','2023-01-11 19:10:21'),(18,1,3,2,'jpeg','id18_2(18)_1_1_8__F_3.jpeg','L1(18).jpeg','2023-01-11 19:22:17','2023-01-11 19:22:17'),(18,1,3,3,'jpeg','id18_3(18)_1_1_8__F_3.jpeg','L1(18).jpeg','2023-01-11 19:24:03','2023-01-11 19:24:03'),(18,1,3,4,'jpg','id18_4(18)_1_1_8__F_3.jpg','L1(18).jpg','2023-01-12 16:16:58','2023-01-12 16:16:58'),(18,1,3,5,'jpg','id18_5(18)_1_1_8__F_3.jpg','L1(18).jpg','2023-01-13 18:35:37','2023-01-13 18:35:37'),(18,1,3,6,'jpeg','id18_6(18)_1_1_8__F_3.jpeg','L1(18).jpeg','2023-01-17 21:25:34','2023-01-17 21:25:34'),(18,1,3,7,'jpeg','id18_7(18)_1_1_8__F_3.jpeg','L1(18).jpeg','2023-01-17 21:29:16','2023-01-17 21:29:16'),(19,1,3,0,'jpeg','id19_0(19)_1_1_9__F_3.jpeg','L1(19).jpeg','2023-01-11 19:07:19','2023-01-11 19:07:19'),(19,1,3,1,'jpeg','id19_1(19)_1_1_9__F_3.jpeg','L1(19).jpeg','2023-01-11 19:10:21','2023-01-11 19:10:21'),(19,1,3,2,'jpeg','id19_2(19)_1_1_9__F_3.jpeg','L1(19).jpeg','2023-01-11 19:22:17','2023-01-11 19:22:17'),(19,1,3,3,'jpeg','id19_3(19)_1_1_9__F_3.jpeg','L1(19).jpeg','2023-01-11 19:24:03','2023-01-11 19:24:03'),(19,1,3,4,'jpg','id19_4(19)_1_1_9__F_3.jpg','L1(19).jpg','2023-01-12 16:16:58','2023-01-12 16:16:58'),(19,1,3,5,'jpg','id19_5(19)_1_1_9__F_3.jpg','L1(19).jpg','2023-01-13 18:35:37','2023-01-13 18:35:37'),(19,1,3,6,'jpeg','id19_6(19)_1_1_9__F_3.jpeg','L1(19).jpeg','2023-01-17 21:25:34','2023-01-17 21:25:34'),(19,1,3,7,'jpeg','id19_7(19)_1_1_9__F_3.jpeg','L1(19).jpeg','2023-01-17 21:29:16','2023-01-17 21:29:16'),(20,1,3,0,'jpeg','id20_0(20)_1_1_9__F_3.jpeg','L1(20).jpeg','2023-01-11 19:07:21','2023-01-11 19:07:21'),(20,1,3,1,'jpeg','id20_1(20)_1_1_9__F_3.jpeg','L1(20).jpeg','2023-01-11 19:10:23','2023-01-11 19:10:23'),(20,1,3,2,'jpeg','id20_2(20)_1_1_9__F_3.jpeg','L1(20).jpeg','2023-01-11 19:22:19','2023-01-11 19:22:19'),(20,1,3,3,'jpeg','id20_3(20)_1_1_9__F_3.jpeg','L1(20).jpeg','2023-01-11 19:24:05','2023-01-11 19:24:05'),(20,1,3,4,'jpg','id20_4(20)_1_1_9__F_3.jpg','L1(20).jpg','2023-01-12 16:17:00','2023-01-12 16:17:00'),(20,1,3,5,'jpg','id20_5(20)_1_1_9__F_3.jpg','L1(20).jpg','2023-01-13 18:35:39','2023-01-13 18:35:39'),(20,1,3,6,'jpeg','id20_6(20)_1_1_9__F_3.jpeg','L1(20).jpeg','2023-01-17 21:25:36','2023-01-17 21:25:36'),(20,1,3,7,'jpeg','id20_7(20)_1_1_9__F_3.jpeg','L1(20).jpeg','2023-01-17 21:29:18','2023-01-17 21:29:18'),(21,1,3,0,'jpeg','id21_0(21)_1_1_10__F_3.jpeg','L1(21).jpeg','2023-01-11 19:07:21','2023-01-11 19:07:21'),(21,1,3,1,'jpeg','id21_1(21)_1_1_10__F_3.jpeg','L1(21).jpeg','2023-01-11 19:10:23','2023-01-11 19:10:23'),(21,1,3,2,'jpeg','id21_2(21)_1_1_10__F_3.jpeg','L1(21).jpeg','2023-01-11 19:22:19','2023-01-11 19:22:19'),(21,1,3,3,'jpeg','id21_3(21)_1_1_10__F_3.jpeg','L1(21).jpeg','2023-01-11 19:24:05','2023-01-11 19:24:05'),(21,1,3,4,'jpg','id21_4(21)_1_1_10__F_3.jpg','L1(21).jpg','2023-01-12 16:17:00','2023-01-12 16:17:00'),(21,1,3,5,'jpg','id21_5(21)_1_1_10__F_3.jpg','L1(21).jpg','2023-01-13 18:35:39','2023-01-13 18:35:39'),(21,1,3,6,'jpeg','id21_6(21)_1_1_10__F_3.jpeg','L1(21).jpeg','2023-01-17 21:25:36','2023-01-17 21:25:36'),(21,1,3,7,'jpeg','id21_7(21)_1_1_10__F_3.jpeg','L1(21).jpeg','2023-01-17 21:29:18','2023-01-17 21:29:18'),(22,1,3,0,'jpeg','id22_0(22)_1_1_10__F_3.jpeg','L1(22).jpeg','2023-01-11 19:07:21','2023-01-11 19:07:21'),(22,1,3,1,'jpeg','id22_1(22)_1_1_10__F_3.jpeg','L1(22).jpeg','2023-01-11 19:10:23','2023-01-11 19:10:23'),(22,1,3,2,'jpeg','id22_2(22)_1_1_10__F_3.jpeg','L1(22).jpeg','2023-01-11 19:22:19','2023-01-11 19:22:19'),(22,1,3,3,'jpeg','id22_3(22)_1_1_10__F_3.jpeg','L1(22).jpeg','2023-01-11 19:24:05','2023-01-11 19:24:05'),(22,1,3,4,'jpg','id22_4(22)_1_1_10__F_3.jpg','L1(22).jpg','2023-01-12 16:17:00','2023-01-12 16:17:00'),(22,1,3,5,'jpg','id22_5(22)_1_1_10__F_3.jpg','L1(22).jpg','2023-01-13 18:35:39','2023-01-13 18:35:39'),(22,1,3,6,'jpeg','id22_6(22)_1_1_10__F_3.jpeg','L1(22).jpeg','2023-01-17 21:25:36','2023-01-17 21:25:36'),(22,1,3,7,'jpeg','id22_7(22)_1_1_10__F_3.jpeg','L1(22).jpeg','2023-01-17 21:29:18','2023-01-17 21:29:18'),(23,1,3,0,'jpeg','id23_0(23)_1_1_11__F_3.jpeg','L1(23).jpeg','2023-01-11 19:07:21','2023-01-11 19:07:21'),(23,1,3,1,'jpeg','id23_1(23)_1_1_11__F_3.jpeg','L1(23).jpeg','2023-01-11 19:10:23','2023-01-11 19:10:23'),(23,1,3,2,'jpeg','id23_2(23)_1_1_11__F_3.jpeg','L1(23).jpeg','2023-01-11 19:22:19','2023-01-11 19:22:19'),(23,1,3,3,'jpeg','id23_3(23)_1_1_11__F_3.jpeg','L1(23).jpeg','2023-01-11 19:24:05','2023-01-11 19:24:05'),(23,1,3,4,'jpg','id23_4(23)_1_1_11__F_3.jpg','L1(23).jpg','2023-01-12 16:17:00','2023-01-12 16:17:00'),(23,1,3,5,'jpg','id23_5(23)_1_1_11__F_3.jpg','L1(23).jpg','2023-01-13 18:35:39','2023-01-13 18:35:39'),(23,1,3,6,'jpeg','id23_6(23)_1_1_11__F_3.jpeg','L1(23).jpeg','2023-01-17 21:25:36','2023-01-17 21:25:36'),(23,1,3,7,'jpeg','id23_7(23)_1_1_11__F_3.jpeg','L1(23).jpeg','2023-01-17 21:29:18','2023-01-17 21:29:18'),(24,1,3,0,'jpeg','id24_0(24)_1_1_11__F_3.jpeg','L1(24).jpeg','2023-01-11 19:07:21','2023-01-11 19:07:21'),(24,1,3,1,'jpeg','id24_1(24)_1_1_11__F_3.jpeg','L1(24).jpeg','2023-01-11 19:10:23','2023-01-11 19:10:23'),(24,1,3,2,'jpeg','id24_2(24)_1_1_11__F_3.jpeg','L1(24).jpeg','2023-01-11 19:22:19','2023-01-11 19:22:19'),(24,1,3,3,'jpeg','id24_3(24)_1_1_11__F_3.jpeg','L1(24).jpeg','2023-01-11 19:24:05','2023-01-11 19:24:05'),(24,1,3,4,'jpg','id24_4(24)_1_1_11__F_3.jpg','L1(24).jpg','2023-01-12 16:17:01','2023-01-12 16:17:01'),(24,1,3,5,'jpg','id24_5(24)_1_1_11__F_3.jpg','L1(24).jpg','2023-01-13 18:35:39','2023-01-13 18:35:39'),(24,1,3,6,'jpeg','id24_6(24)_1_1_11__F_3.jpeg','L1(24).jpeg','2023-01-17 21:25:36','2023-01-17 21:25:36'),(24,1,3,7,'jpeg','id24_7(24)_1_1_11__F_3.jpeg','L1(24).jpeg','2023-01-17 21:29:18','2023-01-17 21:29:18'),(25,1,3,0,'jpeg','id25_0(25)_1_1_12__F_3.jpeg','L1(25).jpeg','2023-01-11 19:07:23','2023-01-11 19:07:23'),(25,1,3,1,'jpeg','id25_1(25)_1_1_12__F_3.jpeg','L1(25).jpeg','2023-01-11 19:10:25','2023-01-11 19:10:25'),(25,1,3,2,'jpeg','id25_2(25)_1_1_12__F_3.jpeg','L1(25).jpeg','2023-01-11 19:22:21','2023-01-11 19:22:21'),(25,1,3,3,'jpeg','id25_3(25)_1_1_12__F_3.jpeg','L1(25).jpeg','2023-01-11 19:24:07','2023-01-11 19:24:07'),(25,1,3,4,'jpg','id25_4(25)_1_1_12__F_3.jpg','L1(25).jpg','2023-01-12 16:17:03','2023-01-12 16:17:03'),(25,1,3,5,'jpg','id25_5(25)_1_1_12__F_3.jpg','L1(25).jpg','2023-01-13 18:35:41','2023-01-13 18:35:41'),(25,1,3,6,'jpeg','id25_6(25)_1_1_12__F_3.jpeg','L1(25).jpeg','2023-01-17 21:25:38','2023-01-17 21:25:38'),(25,1,3,7,'jpeg','id25_7(25)_1_1_12__F_3.jpeg','L1(25).jpeg','2023-01-17 21:29:20','2023-01-17 21:29:20'),(26,1,3,0,'jpeg','id26_0(26)_1_1_12__F_3.jpeg','L1(26).jpeg','2023-01-11 19:07:23','2023-01-11 19:07:23'),(26,1,3,1,'jpeg','id26_1(26)_1_1_12__F_3.jpeg','L1(26).jpeg','2023-01-11 19:10:25','2023-01-11 19:10:25'),(26,1,3,2,'jpeg','id26_2(26)_1_1_12__F_3.jpeg','L1(26).jpeg','2023-01-11 19:22:21','2023-01-11 19:22:21'),(26,1,3,3,'jpeg','id26_3(26)_1_1_12__F_3.jpeg','L1(26).jpeg','2023-01-11 19:24:07','2023-01-11 19:24:07'),(26,1,3,4,'jpg','id26_4(26)_1_1_12__F_3.jpg','L1(26).jpg','2023-01-12 16:17:03','2023-01-12 16:17:03'),(26,1,3,5,'jpg','id26_5(26)_1_1_12__F_3.jpg','L1(26).jpg','2023-01-13 18:35:41','2023-01-13 18:35:41'),(26,1,3,6,'jpeg','id26_6(26)_1_1_12__F_3.jpeg','L1(26).jpeg','2023-01-17 21:25:38','2023-01-17 21:25:38'),(26,1,3,7,'jpeg','id26_7(26)_1_1_12__F_3.jpeg','L1(26).jpeg','2023-01-17 21:29:20','2023-01-17 21:29:20'),(27,1,3,0,'jpeg','id27_0(27)_1_1_13__F_3.jpeg','L1(27).jpeg','2023-01-11 19:07:23','2023-01-11 19:07:23'),(27,1,3,1,'jpeg','id27_1(27)_1_1_13__F_3.jpeg','L1(27).jpeg','2023-01-11 19:10:25','2023-01-11 19:10:25'),(27,1,3,2,'jpeg','id27_2(27)_1_1_13__F_3.jpeg','L1(27).jpeg','2023-01-11 19:22:21','2023-01-11 19:22:21'),(27,1,3,3,'jpeg','id27_3(27)_1_1_13__F_3.jpeg','L1(27).jpeg','2023-01-11 19:24:07','2023-01-11 19:24:07'),(27,1,3,4,'jpg','id27_4(27)_1_1_13__F_3.jpg','L1(27).jpg','2023-01-12 16:17:03','2023-01-12 16:17:03'),(27,1,3,5,'jpg','id27_5(27)_1_1_13__F_3.jpg','L1(27).jpg','2023-01-13 18:35:41','2023-01-13 18:35:41'),(27,1,3,6,'jpeg','id27_6(27)_1_1_13__F_3.jpeg','L1(27).jpeg','2023-01-17 21:25:39','2023-01-17 21:25:39'),(27,1,3,7,'jpeg','id27_7(27)_1_1_13__F_3.jpeg','L1(27).jpeg','2023-01-17 21:29:20','2023-01-17 21:29:20'),(28,1,3,0,'jpeg','id28_0(28)_1_1_13__F_3.jpeg','L1(28).jpeg','2023-01-11 19:07:23','2023-01-11 19:07:23'),(28,1,3,1,'jpeg','id28_1(28)_1_1_13__F_3.jpeg','L1(28).jpeg','2023-01-11 19:10:25','2023-01-11 19:10:25'),(28,1,3,2,'jpeg','id28_2(28)_1_1_13__F_3.jpeg','L1(28).jpeg','2023-01-11 19:22:21','2023-01-11 19:22:21'),(28,1,3,3,'jpeg','id28_3(28)_1_1_13__F_3.jpeg','L1(28).jpeg','2023-01-11 19:24:07','2023-01-11 19:24:07'),(28,1,3,4,'jpg','id28_4(28)_1_1_13__F_3.jpg','L1(28).jpg','2023-01-12 16:17:03','2023-01-12 16:17:03'),(28,1,3,5,'jpg','id28_5(28)_1_1_13__F_3.jpg','L1(28).jpg','2023-01-13 18:35:41','2023-01-13 18:35:41'),(28,1,3,6,'jpeg','id28_6(28)_1_1_13__F_3.jpeg','L1(28).jpeg','2023-01-17 21:25:39','2023-01-17 21:25:39'),(28,1,3,7,'jpeg','id28_7(28)_1_1_13__F_3.jpeg','L1(28).jpeg','2023-01-17 21:29:20','2023-01-17 21:29:20'),(29,1,3,0,'jpeg','id29_0(29)_1_1_14__F_3.jpeg','L1(29).jpeg','2023-01-11 19:07:23','2023-01-11 19:07:23'),(29,1,3,1,'jpeg','id29_1(29)_1_1_14__F_3.jpeg','L1(29).jpeg','2023-01-11 19:10:25','2023-01-11 19:10:25'),(29,1,3,2,'jpeg','id29_2(29)_1_1_14__F_3.jpeg','L1(29).jpeg','2023-01-11 19:22:21','2023-01-11 19:22:21'),(29,1,3,3,'jpeg','id29_3(29)_1_1_14__F_3.jpeg','L1(29).jpeg','2023-01-11 19:24:07','2023-01-11 19:24:07'),(29,1,3,4,'jpg','id29_4(29)_1_1_14__F_3.jpg','L1(29).jpg','2023-01-12 16:17:03','2023-01-12 16:17:03'),(29,1,3,5,'jpg','id29_5(29)_1_1_14__F_3.jpg','L1(29).jpg','2023-01-13 18:35:41','2023-01-13 18:35:41'),(29,1,3,6,'jpeg','id29_6(29)_1_1_14__F_3.jpeg','L1(29).jpeg','2023-01-17 21:25:39','2023-01-17 21:25:39'),(29,1,3,7,'jpeg','id29_7(29)_1_1_14__F_3.jpeg','L1(29).jpeg','2023-01-17 21:29:20','2023-01-17 21:29:20'),(30,1,3,0,'jpeg','id30_0(30)_1_1_14__F_3.jpeg','L1(30).jpeg','2023-01-11 19:07:25','2023-01-11 19:07:25'),(30,1,3,1,'jpeg','id30_1(30)_1_1_14__F_3.jpeg','L1(30).jpeg','2023-01-11 19:10:27','2023-01-11 19:10:27'),(30,1,3,2,'jpeg','id30_2(30)_1_1_14__F_3.jpeg','L1(30).jpeg','2023-01-11 19:22:23','2023-01-11 19:22:23'),(30,1,3,3,'jpeg','id30_3(30)_1_1_14__F_3.jpeg','L1(30).jpeg','2023-01-11 19:24:09','2023-01-11 19:24:09'),(30,1,3,4,'jpg','id30_4(30)_1_1_14__F_3.jpg','L1(30).jpg','2023-01-12 16:17:05','2023-01-12 16:17:05'),(30,1,3,5,'jpg','id30_5(30)_1_1_14__F_3.jpg','L1(30).jpg','2023-01-13 18:35:43','2023-01-13 18:35:43'),(30,1,3,6,'jpeg','id30_6(30)_1_1_14__F_3.jpeg','L1(30).jpeg','2023-01-17 21:25:41','2023-01-17 21:25:41'),(30,1,3,7,'jpeg','id30_7(30)_1_1_14__F_3.jpeg','L1(30).jpeg','2023-01-17 21:29:22','2023-01-17 21:29:22'),(31,1,3,0,'jpeg','id31_0(31)_1_1_15__F_3.jpeg','L1(31).jpeg','2023-01-11 19:07:25','2023-01-11 19:07:25'),(31,1,3,1,'jpeg','id31_1(31)_1_1_15__F_3.jpeg','L1(31).jpeg','2023-01-11 19:10:27','2023-01-11 19:10:27'),(31,1,3,2,'jpeg','id31_2(31)_1_1_15__F_3.jpeg','L1(31).jpeg','2023-01-11 19:22:23','2023-01-11 19:22:23'),(31,1,3,3,'jpeg','id31_3(31)_1_1_15__F_3.jpeg','L1(31).jpeg','2023-01-11 19:24:09','2023-01-11 19:24:09'),(31,1,3,4,'jpg','id31_4(31)_1_1_15__F_3.jpg','L1(31).jpg','2023-01-12 16:17:05','2023-01-12 16:17:05'),(31,1,3,5,'jpg','id31_5(31)_1_1_15__F_3.jpg','L1(31).jpg','2023-01-13 18:35:43','2023-01-13 18:35:43'),(31,1,3,6,'jpeg','id31_6(31)_1_1_15__F_3.jpeg','L1(31).jpeg','2023-01-17 21:25:41','2023-01-17 21:25:41'),(31,1,3,7,'jpeg','id31_7(31)_1_1_15__F_3.jpeg','L1(31).jpeg','2023-01-17 21:29:22','2023-01-17 21:29:22'),(32,1,3,0,'jpeg','id32_0(32)_1_1_15__F_3.jpeg','L1(32).jpeg','2023-01-11 19:07:25','2023-01-11 19:07:25'),(32,1,3,1,'jpeg','id32_1(32)_1_1_15__F_3.jpeg','L1(32).jpeg','2023-01-11 19:10:27','2023-01-11 19:10:27'),(32,1,3,2,'jpeg','id32_2(32)_1_1_15__F_3.jpeg','L1(32).jpeg','2023-01-11 19:22:23','2023-01-11 19:22:23'),(32,1,3,3,'jpeg','id32_3(32)_1_1_15__F_3.jpeg','L1(32).jpeg','2023-01-11 19:24:09','2023-01-11 19:24:09'),(32,1,3,4,'jpg','id32_4(32)_1_1_15__F_3.jpg','L1(32).jpg','2023-01-12 16:17:05','2023-01-12 16:17:05'),(32,1,3,5,'jpg','id32_5(32)_1_1_15__F_3.jpg','L1(32).jpg','2023-01-13 18:35:43','2023-01-13 18:35:43'),(32,1,3,6,'jpeg','id32_6(32)_1_1_15__F_3.jpeg','L1(32).jpeg','2023-01-17 21:25:41','2023-01-17 21:25:41'),(32,1,3,7,'jpeg','id32_7(32)_1_1_15__F_3.jpeg','L1(32).jpeg','2023-01-17 21:29:22','2023-01-17 21:29:22'),(33,1,3,0,'jpeg','id33_0(33)_1_1_16__F_3.jpeg','L1(33).jpeg','2023-01-11 19:07:25','2023-01-11 19:07:25'),(33,1,3,1,'jpeg','id33_1(33)_1_1_16__F_3.jpeg','L1(33).jpeg','2023-01-11 19:10:28','2023-01-11 19:10:28'),(33,1,3,2,'jpeg','id33_2(33)_1_1_16__F_3.jpeg','L1(33).jpeg','2023-01-11 19:22:23','2023-01-11 19:22:23'),(33,1,3,3,'jpeg','id33_3(33)_1_1_16__F_3.jpeg','L1(33).jpeg','2023-01-11 19:24:09','2023-01-11 19:24:09'),(33,1,3,4,'jpg','id33_4(33)_1_1_16__F_3.jpg','L1(33).jpg','2023-01-12 16:17:05','2023-01-12 16:17:05'),(33,1,3,5,'jpg','id33_5(33)_1_1_16__F_3.jpg','L1(33).jpg','2023-01-13 18:35:43','2023-01-13 18:35:43'),(33,1,3,6,'jpeg','id33_6(33)_1_1_16__F_3.jpeg','L1(33).jpeg','2023-01-17 21:25:41','2023-01-17 21:25:41'),(33,1,3,7,'jpeg','id33_7(33)_1_1_16__F_3.jpeg','L1(33).jpeg','2023-01-17 21:29:22','2023-01-17 21:29:22'),(34,1,3,0,'jpeg','id34_0(34)_1_1_16__F_3.jpeg','L1(34).jpeg','2023-01-11 19:07:25','2023-01-11 19:07:25'),(34,1,3,1,'jpeg','id34_1(34)_1_1_16__F_3.jpeg','L1(34).jpeg','2023-01-11 19:10:28','2023-01-11 19:10:28'),(34,1,3,2,'jpeg','id34_2(34)_1_1_16__F_3.jpeg','L1(34).jpeg','2023-01-11 19:22:23','2023-01-11 19:22:23'),(34,1,3,3,'jpeg','id34_3(34)_1_1_16__F_3.jpeg','L1(34).jpeg','2023-01-11 19:24:09','2023-01-11 19:24:09'),(34,1,3,4,'jpg','id34_4(34)_1_1_16__F_3.jpg','L1(34).jpg','2023-01-12 16:17:05','2023-01-12 16:17:05'),(34,1,3,5,'jpeg','id34_5(34)_1_1_16__F_3.jpeg','L1(34).jpeg','2023-01-17 21:25:41','2023-01-17 21:25:41'),(34,1,3,6,'jpeg','id34_6(34)_1_1_16__F_3.jpeg','L1(34).jpeg','2023-01-17 21:29:22','2023-01-17 21:29:22'),(35,1,3,0,'jpeg','id35_0(35)_1_1_17__F_3.jpeg','L1(35).jpeg','2023-01-11 19:07:27','2023-01-11 19:07:27'),(35,1,3,1,'jpeg','id35_1(35)_1_1_17__F_3.jpeg','L1(35).jpeg','2023-01-11 19:10:30','2023-01-11 19:10:30'),(35,1,3,2,'jpeg','id35_2(35)_1_1_17__F_3.jpeg','L1(35).jpeg','2023-01-11 19:22:25','2023-01-11 19:22:25'),(35,1,3,3,'jpeg','id35_3(35)_1_1_17__F_3.jpeg','L1(35).jpeg','2023-01-11 19:24:11','2023-01-11 19:24:11'),(35,1,3,4,'jpg','id35_4(35)_1_1_17__F_3.jpg','L1(35).jpg','2023-01-12 16:17:07','2023-01-12 16:17:07'),(35,1,3,5,'jpeg','id35_5(35)_1_1_17__F_3.jpeg','L1(35).jpeg','2023-01-17 21:25:43','2023-01-17 21:25:43'),(35,1,3,6,'jpeg','id35_6(35)_1_1_17__F_3.jpeg','L1(35).jpeg','2023-01-17 21:29:24','2023-01-17 21:29:24'),(36,1,3,0,'jpeg','id36_0(36)_1_1_17__F_3.jpeg','L1(36).jpeg','2023-01-11 19:07:28','2023-01-11 19:07:28'),(36,1,3,1,'jpeg','id36_1(36)_1_1_17__F_3.jpeg','L1(36).jpeg','2023-01-11 19:10:30','2023-01-11 19:10:30'),(36,1,3,2,'jpeg','id36_2(36)_1_1_17__F_3.jpeg','L1(36).jpeg','2023-01-11 19:22:25','2023-01-11 19:22:25'),(36,1,3,3,'jpeg','id36_3(36)_1_1_17__F_3.jpeg','L1(36).jpeg','2023-01-11 19:24:11','2023-01-11 19:24:11'),(36,1,3,4,'jpg','id36_4(36)_1_1_17__F_3.jpg','L1(36).jpg','2023-01-12 16:17:07','2023-01-12 16:17:07'),(36,1,3,5,'jpeg','id36_5(36)_1_1_17__F_3.jpeg','L1(36).jpeg','2023-01-17 21:25:43','2023-01-17 21:25:43'),(36,1,3,6,'jpeg','id36_6(36)_1_1_17__F_3.jpeg','L1(36).jpeg','2023-01-17 21:29:24','2023-01-17 21:29:24'),(37,1,3,0,'jpeg','id37_0(37)_1_1_18__F_3.jpeg','L1(37).jpeg','2023-01-11 19:07:28','2023-01-11 19:07:28'),(37,1,3,1,'jpeg','id37_1(37)_1_1_18__F_3.jpeg','L1(37).jpeg','2023-01-11 19:10:30','2023-01-11 19:10:30'),(37,1,3,2,'jpeg','id37_2(37)_1_1_18__F_3.jpeg','L1(37).jpeg','2023-01-11 19:22:25','2023-01-11 19:22:25'),(37,1,3,3,'jpeg','id37_3(37)_1_1_18__F_3.jpeg','L1(37).jpeg','2023-01-11 19:24:11','2023-01-11 19:24:11'),(37,1,3,4,'jpg','id37_4(37)_1_1_18__F_3.jpg','L1(37).jpg','2023-01-12 16:17:07','2023-01-12 16:17:07'),(37,1,3,5,'jpeg','id37_5(37)_1_1_18__F_3.jpeg','L1(37).jpeg','2023-01-17 21:25:43','2023-01-17 21:25:43'),(37,1,3,6,'jpeg','id37_6(37)_1_1_18__F_3.jpeg','L1(37).jpeg','2023-01-17 21:29:24','2023-01-17 21:29:24'),(38,1,3,0,'jpeg','id38_0(38)_1_1_18__F_3.jpeg','L1(38).jpeg','2023-01-11 19:07:28','2023-01-11 19:07:28'),(38,1,3,1,'jpeg','id38_1(38)_1_1_18__F_3.jpeg','L1(38).jpeg','2023-01-11 19:10:30','2023-01-11 19:10:30'),(38,1,3,2,'jpeg','id38_2(38)_1_1_18__F_3.jpeg','L1(38).jpeg','2023-01-11 19:22:25','2023-01-11 19:22:25'),(38,1,3,3,'jpeg','id38_3(38)_1_1_18__F_3.jpeg','L1(38).jpeg','2023-01-11 19:24:11','2023-01-11 19:24:11'),(38,1,3,4,'jpg','id38_4(38)_1_1_18__F_3.jpg','L1(38).jpg','2023-01-12 16:17:07','2023-01-12 16:17:07'),(38,1,3,5,'jpeg','id38_5(38)_1_1_18__F_3.jpeg','L1(38).jpeg','2023-01-17 21:25:43','2023-01-17 21:25:43'),(38,1,3,6,'jpeg','id38_6(38)_1_1_18__F_3.jpeg','L1(38).jpeg','2023-01-17 21:29:24','2023-01-17 21:29:24'),(39,1,3,0,'jpeg','id39_0(39)_1_1_19__F_3.jpeg','L1(39).jpeg','2023-01-11 19:07:28','2023-01-11 19:07:28'),(39,1,3,1,'jpeg','id39_1(39)_1_1_19__F_3.jpeg','L1(39).jpeg','2023-01-11 19:10:30','2023-01-11 19:10:30'),(39,1,3,2,'jpeg','id39_2(39)_1_1_19__F_3.jpeg','L1(39).jpeg','2023-01-11 19:22:25','2023-01-11 19:22:25'),(39,1,3,3,'jpeg','id39_3(39)_1_1_19__F_3.jpeg','L1(39).jpeg','2023-01-11 19:24:11','2023-01-11 19:24:11'),(39,1,3,4,'jpg','id39_4(39)_1_1_19__F_3.jpg','L1(39).jpg','2023-01-12 16:17:07','2023-01-12 16:17:07'),(39,1,3,5,'jpeg','id39_5(39)_1_1_19__F_3.jpeg','L1(39).jpeg','2023-01-17 21:25:43','2023-01-17 21:25:43'),(39,1,3,6,'jpeg','id39_6(39)_1_1_19__F_3.jpeg','L1(39).jpeg','2023-01-17 21:29:24','2023-01-17 21:29:24'),(40,1,3,0,'jpeg','id40_0(40)_1_1_19__F_3.jpeg','L1(40).jpeg','2023-01-11 19:07:30','2023-01-11 19:07:30'),(40,1,3,1,'jpeg','id40_1(40)_1_1_19__F_3.jpeg','L1(40).jpeg','2023-01-11 19:10:32','2023-01-11 19:10:32'),(40,1,3,2,'jpeg','id40_2(40)_1_1_19__F_3.jpeg','L1(40).jpeg','2023-01-11 19:22:27','2023-01-11 19:22:27'),(40,1,3,3,'jpeg','id40_3(40)_1_1_19__F_3.jpeg','L1(40).jpeg','2023-01-11 19:24:14','2023-01-11 19:24:14'),(40,1,3,4,'jpg','id40_4(40)_1_1_19__F_3.jpg','L1(40).jpg','2023-01-12 16:17:09','2023-01-12 16:17:09'),(40,1,3,5,'jpeg','id40_5(40)_1_1_19__F_3.jpeg','L1(40).jpeg','2023-01-17 21:25:45','2023-01-17 21:25:45'),(40,1,3,6,'jpeg','id40_6(40)_1_1_19__F_3.jpeg','L1(40).jpeg','2023-01-17 21:29:26','2023-01-17 21:29:26'),(41,1,3,0,'jpeg','id41_0(41)_1_1_20__F_3.jpeg','L1(41).jpeg','2023-01-11 19:07:30','2023-01-11 19:07:30'),(41,1,3,1,'jpeg','id41_1(41)_1_1_20__F_3.jpeg','L1(41).jpeg','2023-01-11 19:10:32','2023-01-11 19:10:32'),(41,1,3,2,'jpeg','id41_2(41)_1_1_20__F_3.jpeg','L1(41).jpeg','2023-01-11 19:22:27','2023-01-11 19:22:27'),(41,1,3,3,'jpeg','id41_3(41)_1_1_20__F_3.jpeg','L1(41).jpeg','2023-01-11 19:24:14','2023-01-11 19:24:14'),(41,1,3,4,'jpg','id41_4(41)_1_1_20__F_3.jpg','L1(41).jpg','2023-01-12 16:17:09','2023-01-12 16:17:09'),(41,1,3,5,'jpeg','id41_5(41)_1_1_20__F_3.jpeg','L1(41).jpeg','2023-01-17 21:25:45','2023-01-17 21:25:45'),(41,1,3,6,'jpeg','id41_6(41)_1_1_20__F_3.jpeg','L1(41).jpeg','2023-01-17 21:29:26','2023-01-17 21:29:26'),(42,1,3,0,'jpeg','id42_0(42)_1_1_20__F_3.jpeg','L1(42).jpeg','2023-01-11 19:07:30','2023-01-11 19:07:30'),(42,1,3,1,'jpeg','id42_1(42)_1_1_20__F_3.jpeg','L1(42).jpeg','2023-01-11 19:10:32','2023-01-11 19:10:32'),(42,1,3,2,'jpeg','id42_2(42)_1_1_20__F_3.jpeg','L1(42).jpeg','2023-01-11 19:22:27','2023-01-11 19:22:27'),(42,1,3,3,'jpeg','id42_3(42)_1_1_20__F_3.jpeg','L1(42).jpeg','2023-01-11 19:24:14','2023-01-11 19:24:14'),(42,1,3,4,'jpg','id42_4(42)_1_1_20__F_3.jpg','L1(42).jpg','2023-01-12 16:17:09','2023-01-12 16:17:09'),(42,1,3,5,'jpeg','id42_5(42)_1_1_20__F_3.jpeg','L1(42).jpeg','2023-01-17 21:25:45','2023-01-17 21:25:45'),(42,1,3,6,'jpeg','id42_6(42)_1_1_20__F_3.jpeg','L1(42).jpeg','2023-01-17 21:29:26','2023-01-17 21:29:26'),(43,1,3,0,'jpeg','id43_0(43)_1_1_21__F_3.jpeg','L1(43).jpeg','2023-01-11 19:10:32','2023-01-11 19:10:32'),(43,1,3,1,'jpeg','id43_1(43)_1_1_21__F_3.jpeg','L1(43).jpeg','2023-01-11 19:22:28','2023-01-11 19:22:28'),(43,1,3,2,'jpeg','id43_2(43)_1_1_21__F_3.jpeg','L1(43).jpeg','2023-01-11 19:24:14','2023-01-11 19:24:14'),(43,1,3,3,'jpg','id43_3(43)_1_1_21__F_3.jpg','L1(43).jpg','2023-01-12 16:17:09','2023-01-12 16:17:09'),(43,1,3,4,'jpeg','id43_4(43)_1_1_21__F_3.jpeg','L1(43).jpeg','2023-01-17 21:25:45','2023-01-17 21:25:45'),(43,1,3,5,'jpeg','id43_5(43)_1_1_21__F_3.jpeg','L1(43).jpeg','2023-01-17 21:29:26','2023-01-17 21:29:26'),(44,1,3,0,'jpeg','id44_0(44)_1_1_21__F_3.jpeg','L1(44).jpeg','2023-01-11 19:10:32','2023-01-11 19:10:32'),(44,1,3,1,'jpeg','id44_1(44)_1_1_21__F_3.jpeg','L1(44).jpeg','2023-01-11 19:22:28','2023-01-11 19:22:28'),(44,1,3,2,'jpeg','id44_2(44)_1_1_21__F_3.jpeg','L1(44).jpeg','2023-01-11 19:24:14','2023-01-11 19:24:14'),(44,1,3,3,'jpg','id44_3(44)_1_1_21__F_3.jpg','L1(44).jpg','2023-01-12 16:17:09','2023-01-12 16:17:09'),(44,1,3,4,'jpeg','id44_4(44)_1_1_21__F_3.jpeg','L1(44).jpeg','2023-01-17 21:25:45','2023-01-17 21:25:45'),(45,1,3,0,'jpeg','id45_0(45)_1_1_22__F_3.jpeg','L1(45).jpeg','2023-01-11 19:10:34','2023-01-11 19:10:34'),(45,1,3,1,'jpeg','id45_1(45)_1_1_22__F_3.jpeg','L1(45).jpeg','2023-01-11 19:22:30','2023-01-11 19:22:30'),(45,1,3,2,'jpeg','id45_2(45)_1_1_22__F_3.jpeg','L1(45).jpeg','2023-01-11 19:24:16','2023-01-11 19:24:16'),(45,1,3,3,'jpg','id45_3(45)_1_1_22__F_3.jpg','L1(45).jpg','2023-01-12 16:17:11','2023-01-12 16:17:11'),(45,1,3,4,'jpeg','id45_4(45)_1_1_22__F_3.jpeg','L1(45).jpeg','2023-01-17 21:25:47','2023-01-17 21:25:47'),(46,1,3,0,'jpeg','id46_0(46)_1_1_22__F_3.jpeg','L1(46).jpeg','2023-01-11 19:10:34','2023-01-11 19:10:34'),(46,1,3,1,'jpeg','id46_1(46)_1_1_22__F_3.jpeg','L1(46).jpeg','2023-01-11 19:22:30','2023-01-11 19:22:30'),(46,1,3,2,'jpeg','id46_2(46)_1_1_22__F_3.jpeg','L1(46).jpeg','2023-01-11 19:24:16','2023-01-11 19:24:16'),(46,1,3,3,'jpg','id46_3(46)_1_1_22__F_3.jpg','L1(46).jpg','2023-01-12 16:17:11','2023-01-12 16:17:11'),(46,1,3,4,'jpeg','id46_4(46)_1_1_22__F_3.jpeg','L1(46).jpeg','2023-01-17 21:25:47','2023-01-17 21:25:47'),(47,1,3,0,'jpeg','id47_0(47)_1_1_23__F_3.jpeg','L1(47).jpeg','2023-01-11 19:10:34','2023-01-11 19:10:34'),(47,1,3,1,'jpeg','id47_1(47)_1_1_23__F_3.jpeg','L1(47).jpeg','2023-01-11 19:22:30','2023-01-11 19:22:30'),(47,1,3,2,'jpeg','id47_2(47)_1_1_23__F_3.jpeg','L1(47).jpeg','2023-01-11 19:24:16','2023-01-11 19:24:16'),(47,1,3,3,'jpg','id47_3(47)_1_1_23__F_3.jpg','L1(47).jpg','2023-01-12 16:17:11','2023-01-12 16:17:11'),(48,1,3,0,'jpeg','id48_0(48)_1_1_23__F_3.jpeg','L1(48).jpeg','2023-01-11 19:10:34','2023-01-11 19:10:34'),(48,1,3,1,'jpeg','id48_1(48)_1_1_23__F_3.jpeg','L1(48).jpeg','2023-01-11 19:22:30','2023-01-11 19:22:30'),(48,1,3,2,'jpeg','id48_2(48)_1_1_23__F_3.jpeg','L1(48).jpeg','2023-01-11 19:24:16','2023-01-11 19:24:16'),(48,1,3,3,'jpg','id48_3(48)_1_1_23__F_3.jpg','L1(48).jpg','2023-01-12 16:17:11','2023-01-12 16:17:11'),(49,1,3,0,'jpeg','id49_0(49)_1_1_24__F_3.jpeg','L1(49).jpeg','2023-01-11 19:10:34','2023-01-11 19:10:34'),(49,1,3,1,'jpeg','id49_1(49)_1_1_24__F_3.jpeg','L1(49).jpeg','2023-01-11 19:22:30','2023-01-11 19:22:30'),(49,1,3,2,'jpeg','id49_2(49)_1_1_24__F_3.jpeg','L1(49).jpeg','2023-01-11 19:24:16','2023-01-11 19:24:16'),(49,1,3,3,'jpg','id49_3(49)_1_1_24__F_3.jpg','L1(49).jpg','2023-01-12 16:17:11','2023-01-12 16:17:11'),(50,1,3,0,'jpeg','id50_0(50)_1_1_24__F_3.jpeg','L1(50).jpeg','2023-01-11 19:10:36','2023-01-11 19:10:36'),(50,1,3,1,'jpeg','id50_1(50)_1_1_24__F_3.jpeg','L1(50).jpeg','2023-01-11 19:22:32','2023-01-11 19:22:32'),(50,1,3,2,'jpeg','id50_2(50)_1_1_24__F_3.jpeg','L1(50).jpeg','2023-01-11 19:24:18','2023-01-11 19:24:18'),(50,1,3,3,'jpg','id50_3(50)_1_1_24__F_3.jpg','L1(50).jpg','2023-01-12 16:17:13','2023-01-12 16:17:13'),(51,1,3,0,'jpeg','id51_0(51)_1_1_25__F_3.jpeg','L1(51).jpeg','2023-01-11 19:10:36','2023-01-11 19:10:36'),(51,1,3,1,'jpeg','id51_1(51)_1_1_25__F_3.jpeg','L1(51).jpeg','2023-01-11 19:22:32','2023-01-11 19:22:32'),(51,1,3,2,'jpeg','id51_2(51)_1_1_25__F_3.jpeg','L1(51).jpeg','2023-01-11 19:24:18','2023-01-11 19:24:18'),(51,1,3,3,'jpg','id51_3(51)_1_1_25__F_3.jpg','L1(51).jpg','2023-01-12 16:17:13','2023-01-12 16:17:13'),(52,1,3,0,'jpeg','id52_0(52)_1_1_25__F_3.jpeg','L1(52).jpeg','2023-01-11 19:10:36','2023-01-11 19:10:36'),(52,1,3,1,'jpg','id52_1(52)_1_1_25__F_3.jpg','L1(52).jpg','2023-01-12 16:17:13','2023-01-12 16:17:13'),(53,1,3,0,'jpeg','id53_0(53)_1_1_26__F_3.jpeg','L1(53).jpeg','2023-01-11 19:10:36','2023-01-11 19:10:36'),(53,1,3,1,'jpg','id53_1(53)_1_1_26__F_3.jpg','L1(53).jpg','2023-01-12 16:17:13','2023-01-12 16:17:13'),(54,1,3,0,'jpeg','id54_0(54)_1_1_26__F_3.jpeg','L1(54).jpeg','2023-01-11 19:10:36','2023-01-11 19:10:36'),(54,1,3,1,'jpg','id54_1(54)_1_1_26__F_3.jpg','L1(54).jpg','2023-01-12 16:17:13','2023-01-12 16:17:13'),(55,1,3,0,'jpeg','id55_0(55)_1_1_27__F_3.jpeg','L1(55).jpeg','2023-01-11 19:10:38','2023-01-11 19:10:38'),(55,1,3,1,'jpg','id55_1(55)_1_1_27__F_3.jpg','L1(55).jpg','2023-01-12 16:17:15','2023-01-12 16:17:15'),(56,1,3,0,'jpeg','id56_0(56)_1_1_27__F_3.jpeg','L1(56).jpeg','2023-01-11 19:10:38','2023-01-11 19:10:38'),(56,1,3,1,'jpg','id56_1(56)_1_1_27__F_3.jpg','L1(56).jpg','2023-01-12 16:17:15','2023-01-12 16:17:15'),(57,1,3,0,'jpeg','id57_0(57)_1_1_28__F_3.jpeg','L1(57).jpeg','2023-01-11 19:10:38','2023-01-11 19:10:38'),(57,1,3,1,'jpg','id57_1(57)_1_1_28__F_3.jpg','L1(57).jpg','2023-01-12 16:17:15','2023-01-12 16:17:15'),(58,1,3,0,'jpeg','id58_0(58)_1_1_28__F_3.jpeg','L1(58).jpeg','2023-01-11 19:10:38','2023-01-11 19:10:38'),(58,1,3,1,'jpg','id58_1(58)_1_1_28__F_3.jpg','L1(58).jpg','2023-01-12 16:17:16','2023-01-12 16:17:16'),(59,1,3,0,'jpeg','id59_0(59)_1_1_29__F_3.jpeg','L1(59).jpeg','2023-01-11 19:10:38','2023-01-11 19:10:38'),(59,1,3,1,'jpg','id59_1(59)_1_1_29__F_3.jpg','L1(59).jpg','2023-01-12 16:17:16','2023-01-12 16:17:16'),(60,1,3,0,'jpeg','id60_0(60)_1_1_29__F_3.jpeg','L1(60).jpeg','2023-01-11 19:10:40','2023-01-11 19:10:40'),(60,1,3,1,'jpg','id60_1(60)_1_1_29__F_3.jpg','L1(60).jpg','2023-01-12 16:17:18','2023-01-12 16:17:18'),(61,1,3,0,'jpeg','id61_0(61)_1_1_30__F_3.jpeg','L1(61).jpeg','2023-01-11 19:10:40','2023-01-11 19:10:40'),(61,1,3,1,'jpg','id61_1(61)_1_1_30__F_3.jpg','L1(61).jpg','2023-01-12 16:17:18','2023-01-12 16:17:18'),(62,1,3,0,'jpeg','id62_0(62)_1_1_30__F_3.jpeg','L1(62).jpeg','2023-01-11 19:10:40','2023-01-11 19:10:40'),(62,1,3,1,'jpg','id62_1(62)_1_1_30__F_3.jpg','L1(62).jpg','2023-01-12 16:17:18','2023-01-12 16:17:18'),(63,1,3,0,'jpeg','id63_0(63)_1_1_31__F_3.jpeg','L1(63).jpeg','2023-01-11 19:10:40','2023-01-11 19:10:40'),(63,1,3,1,'jpg','id63_1(63)_1_1_31__F_3.jpg','L1(63).jpg','2023-01-12 16:17:18','2023-01-12 16:17:18'),(64,1,3,0,'jpeg','id64_0(64)_1_1_31__F_3.jpeg','L1(64).jpeg','2023-01-11 19:10:40','2023-01-11 19:10:40'),(64,1,3,1,'jpg','id64_1(64)_1_1_31__F_3.jpg','L1(64).jpg','2023-01-12 16:17:18','2023-01-12 16:17:18'),(65,1,3,0,'jpeg','id65_0(65)_1_1_32__F_3.jpeg','L1(65).jpeg','2023-01-11 19:10:42','2023-01-11 19:10:42'),(65,1,3,1,'jpg','id65_1(65)_1_1_32__F_3.jpg','L1(65).jpg','2023-01-12 16:17:20','2023-01-12 16:17:20'),(66,1,3,0,'jpeg','id66_0(66)_1_1_32__F_3.jpeg','L1(66).jpeg','2023-01-11 19:10:42','2023-01-11 19:10:42'),(66,1,3,1,'jpg','id66_1(66)_1_1_32__F_3.jpg','L1(66).jpg','2023-01-12 16:17:20','2023-01-12 16:17:20'),(67,1,3,0,'jpeg','id67_0(67)_1_1_33__F_3.jpeg','L1(67).jpeg','2023-01-11 19:10:42','2023-01-11 19:10:42'),(67,1,3,1,'jpg','id67_1(67)_1_1_33__F_3.jpg','L1(67).jpg','2023-01-12 16:17:20','2023-01-12 16:17:20'),(68,1,3,0,'jpeg','id68_0(68)_1_1_33__F_3.jpeg','L1(68).jpeg','2023-01-11 19:10:43','2023-01-11 19:10:43'),(68,1,3,1,'jpg','id68_1(68)_1_1_33__F_3.jpg','L1(68).jpg','2023-01-12 16:17:20','2023-01-12 16:17:20'),(69,1,3,0,'jpeg','id69_0(69)_1_1_34__F_3.jpeg','L1(69).jpeg','2023-01-11 19:10:43','2023-01-11 19:10:43'),(69,1,3,1,'jpg','id69_1(69)_1_1_34__F_3.jpg','L1(69).jpg','2023-01-12 16:17:20','2023-01-12 16:17:20'),(70,1,3,0,'jpeg','id70_0(70)_1_1_34__F_3.jpeg','L1(70).jpeg','2023-01-11 19:10:45','2023-01-11 19:10:45'),(70,1,3,1,'jpg','id70_1(70)_1_1_34__F_3.jpg','L1(70).jpg','2023-01-12 16:17:22','2023-01-12 16:17:22'),(71,1,3,0,'jpeg','id71_0(71)_1_1_35__F_3.jpeg','L1(71).jpeg','2023-01-11 19:10:45','2023-01-11 19:10:45'),(71,1,3,1,'jpg','id71_1(71)_1_1_35__F_3.jpg','L1(71).jpg','2023-01-12 16:17:22','2023-01-12 16:17:22'),(72,1,3,0,'jpeg','id72_0(72)_1_1_35__F_3.jpeg','L1(72).jpeg','2023-01-11 19:10:45','2023-01-11 19:10:45'),(72,1,3,1,'jpg','id72_1(72)_1_1_35__F_3.jpg','L1(72).jpg','2023-01-12 16:17:22','2023-01-12 16:17:22'),(73,1,3,0,'jpeg','id73_0(73)_1_1_36__F_3.jpeg','L1(73).jpeg','2023-01-11 19:10:45','2023-01-11 19:10:45'),(73,1,3,1,'jpg','id73_1(73)_1_1_36__F_3.jpg','L1(73).jpg','2023-01-12 16:17:22','2023-01-12 16:17:22'),(74,1,3,0,'jpeg','id74_0(74)_1_1_36__F_3.jpeg','L1(74).jpeg','2023-01-11 19:10:45','2023-01-11 19:10:45'),(74,1,3,1,'jpg','id74_1(74)_1_1_36__F_3.jpg','L1(74).jpg','2023-01-12 16:17:22','2023-01-12 16:17:22'),(75,1,3,0,'jpeg','id75_0(75)_1_1_37__F_3.jpeg','L1(75).jpeg','2023-01-11 19:10:47','2023-01-11 19:10:47'),(75,1,3,1,'jpg','id75_1(75)_1_1_37__F_3.jpg','L1(75).jpg','2023-01-12 16:17:24','2023-01-12 16:17:24'),(76,1,3,0,'jpeg','id76_0(76)_1_1_37__F_3.jpeg','L1(76).jpeg','2023-01-11 19:10:47','2023-01-11 19:10:47'),(76,1,3,1,'jpg','id76_1(76)_1_1_37__F_3.jpg','L1(76).jpg','2023-01-12 16:17:24','2023-01-12 16:17:24'),(77,1,3,0,'jpeg','id77_0(77)_1_1_38__F_3.jpeg','L1(77).jpeg','2023-01-11 19:10:47','2023-01-11 19:10:47'),(77,1,3,1,'jpg','id77_1(77)_1_1_38__F_3.jpg','L1(77).jpg','2023-01-12 16:17:24','2023-01-12 16:17:24'),(78,1,3,0,'jpeg','id78_0(78)_1_1_38__F_3.jpeg','L1(78).jpeg','2023-01-11 19:10:47','2023-01-11 19:10:47'),(78,1,3,1,'jpg','id78_1(78)_1_1_38__F_3.jpg','L1(78).jpg','2023-01-12 16:17:24','2023-01-12 16:17:24'),(79,1,3,0,'jpeg','id79_0(79)_1_1_39__F_3.jpeg','L1(79).jpeg','2023-01-11 19:10:47','2023-01-11 19:10:47'),(79,1,3,1,'jpg','id79_1(79)_1_1_39__F_3.jpg','L1(79).jpg','2023-01-12 16:17:24','2023-01-12 16:17:24'),(80,1,3,0,'jpeg','id80_0(80)_1_1_39__F_3.jpeg','L1(80).jpeg','2023-01-11 19:10:49','2023-01-11 19:10:49'),(80,1,3,1,'jpg','id80_1(80)_1_1_39__F_3.jpg','L1(80).jpg','2023-01-12 16:17:26','2023-01-12 16:17:26'),(81,1,3,0,'jpeg','id81_0(81)_1_1_40__F_3.jpeg','L1(81).jpeg','2023-01-11 19:10:49','2023-01-11 19:10:49'),(81,1,3,1,'jpg','id81_1(81)_1_1_40__F_3.jpg','L1(81).jpg','2023-01-12 16:17:26','2023-01-12 16:17:26'),(82,1,3,0,'jpeg','id82_0(82)_1_1_40__F_3.jpeg','L1(82).jpeg','2023-01-11 19:10:49','2023-01-11 19:10:49'),(82,1,3,1,'jpg','id82_1(82)_1_1_40__F_3.jpg','L1(82).jpg','2023-01-12 16:17:26','2023-01-12 16:17:26'),(83,1,3,0,'jpeg','id83_0(83)_1_1_41__F_3.jpeg','L1(83).jpeg','2023-01-11 19:10:49','2023-01-11 19:10:49'),(83,1,3,1,'jpg','id83_1(83)_1_1_41__F_3.jpg','L1(83).jpg','2023-01-12 16:17:26','2023-01-12 16:17:26'),(84,1,3,0,'jpeg','id84_0(84)_1_1_41__F_3.jpeg','L1(84).jpeg','2023-01-11 19:10:49','2023-01-11 19:10:49'),(84,1,3,1,'jpg','id84_1(84)_1_1_41__F_3.jpg','L1(84).jpg','2023-01-12 16:17:26','2023-01-12 16:17:26'),(85,1,3,0,'jpeg','id85_0(85)_1_1_42__F_3.jpeg','L1(85).jpeg','2023-01-11 19:10:51','2023-01-11 19:10:51'),(85,1,3,1,'jpg','id85_1(85)_1_1_42__F_3.jpg','L1(85).jpg','2023-01-12 16:17:28','2023-01-12 16:17:28'),(86,1,3,0,'jpeg','id86_0(86)_1_1_42__F_3.jpeg','L1(86).jpeg','2023-01-11 19:10:51','2023-01-11 19:10:51'),(86,1,3,1,'jpg','id86_1(86)_1_1_42__F_3.jpg','L1(86).jpg','2023-01-12 16:17:28','2023-01-12 16:17:28'),(87,1,3,0,'jpeg','id87_0(87)_1_1_43__F_3.jpeg','L1(87).jpeg','2023-01-11 19:10:51','2023-01-11 19:10:51'),(87,1,3,1,'jpg','id87_1(87)_1_1_43__F_3.jpg','L1(87).jpg','2023-01-12 16:17:28','2023-01-12 16:17:28'),(88,1,3,0,'jpeg','id88_0(88)_1_1_43__F_3.jpeg','L1(88).jpeg','2023-01-11 19:10:51','2023-01-11 19:10:51'),(88,1,3,1,'jpg','id88_1(88)_1_1_43__F_3.jpg','L1(88).jpg','2023-01-12 16:17:28','2023-01-12 16:17:28'),(89,1,3,0,'jpeg','id89_0(89)_1_1_44__F_3.jpeg','L1(89).jpeg','2023-01-11 19:10:51','2023-01-11 19:10:51'),(89,1,3,1,'jpg','id89_1(89)_1_1_44__F_3.jpg','L1(89).jpg','2023-01-12 16:17:28','2023-01-12 16:17:28'),(90,1,3,0,'jpeg','id90_0(90)_1_1_44__F_3.jpeg','L1(90).jpeg','2023-01-11 19:10:53','2023-01-11 19:10:53'),(90,1,3,1,'jpg','id90_1(90)_1_1_44__F_3.jpg','L1(90).jpg','2023-01-12 16:17:30','2023-01-12 16:17:30'),(91,1,3,0,'jpeg','id91_0(91)_1_1_45__F_3.jpeg','L1(91).jpeg','2023-01-11 19:10:53','2023-01-11 19:10:53'),(91,1,3,1,'jpg','id91_1(91)_1_1_45__F_3.jpg','L1(91).jpg','2023-01-12 16:17:30','2023-01-12 16:17:30'),(92,1,3,0,'jpeg','id92_0(92)_1_1_45__F_3.jpeg','L1(92).jpeg','2023-01-11 19:10:53','2023-01-11 19:10:53'),(92,1,3,1,'jpg','id92_1(92)_1_1_45__F_3.jpg','L1(92).jpg','2023-01-12 16:17:31','2023-01-12 16:17:31'),(93,1,3,0,'jpeg','id93_0(93)_1_1_46__F_3.jpeg','L1(93).jpeg','2023-01-11 19:10:53','2023-01-11 19:10:53'),(93,1,3,1,'jpg','id93_1(93)_1_1_46__F_3.jpg','L1(93).jpg','2023-01-12 16:17:31','2023-01-12 16:17:31'),(94,1,3,0,'jpeg','id94_0(94)_1_1_46__F_3.jpeg','L1(94).jpeg','2023-01-11 19:10:53','2023-01-11 19:10:53'),(94,1,3,1,'jpg','id94_1(94)_1_1_46__F_3.jpg','L1(94).jpg','2023-01-12 16:17:31','2023-01-12 16:17:31'),(95,1,3,0,'jpeg','id95_0(95)_1_1_47__F_3.jpeg','L1(95).jpeg','2023-01-11 19:10:55','2023-01-11 19:10:55'),(95,1,3,1,'jpg','id95_1(95)_1_1_47__F_3.jpg','L1(95).jpg','2023-01-12 16:17:33','2023-01-12 16:17:33'),(96,1,3,0,'jpeg','id96_0(96)_1_1_47__F_3.jpeg','L1(96).jpeg','2023-01-11 19:10:55','2023-01-11 19:10:55'),(96,1,3,1,'jpg','id96_1(96)_1_1_47__F_3.jpg','L1(96).jpg','2023-01-12 16:17:33','2023-01-12 16:17:33'),(97,1,3,0,'jpeg','id97_0(97)_1_1_48__F_3.jpeg','L1(97).jpeg','2023-01-11 19:10:55','2023-01-11 19:10:55'),(97,1,3,1,'jpg','id97_1(97)_1_1_48__F_3.jpg','L1(97).jpg','2023-01-12 16:17:33','2023-01-12 16:17:33'),(98,1,3,0,'jpeg','id98_0(98)_1_1_48__F_3.jpeg','L1(98).jpeg','2023-01-11 19:10:55','2023-01-11 19:10:55'),(98,1,3,1,'jpg','id98_1(98)_1_1_48__F_3.jpg','L1(98).jpg','2023-01-12 16:17:33','2023-01-12 16:17:33'),(99,1,3,0,'jpeg','id99_0(99)_1_1_0__F_3.jpeg','L1(99).jpeg','2023-01-11 19:10:55','2023-01-11 19:10:55'),(99,1,3,1,'jpg','id99_1(99)_1_1_0__F_3.jpg','L1(99).jpg','2023-01-12 16:17:33','2023-01-12 16:17:33'),(100,1,3,0,'jpeg','id100_0(100)_1_1_0__F_3.jpeg','L1(100).jpeg','2023-01-11 19:10:58','2023-01-11 19:10:58'),(100,1,3,1,'jpg','id100_1(100)_1_1_0__F_3.jpg','L1(100).jpg','2023-01-12 16:17:35','2023-01-12 16:17:35'),(601,2,3,0,'jpeg','id601_0(1)_2_1_0__F_2.jpeg','L1(1).jpeg','2023-01-11 19:32:33','2023-01-11 19:32:33'),(601,2,3,1,'jpeg','id601_1(1)_2_1_0__F_2.jpeg','L1(1).jpeg','2023-01-11 19:35:01','2023-01-11 19:35:01'),(601,2,3,2,'jpg','id601_2(1)_2_1_0__F_2.jpg','L1(1).jpg','2023-01-12 15:04:34','2023-01-12 15:04:34'),(601,2,3,3,'jpg','id601_3(1)_2_1_0__F_2.jpg','L1(1).jpg','2023-01-12 16:20:29','2023-01-12 16:20:29'),(601,2,3,4,'jpeg','id601_4(1)_2_1_0__F_2.jpeg','L1(1).jpeg','2023-01-17 21:23:25','2023-01-17 21:23:25'),(602,2,3,0,'jpeg','id602_0(2)_2_1_0__F_2.jpeg','L1(2).jpeg','2023-01-11 19:32:33','2023-01-11 19:32:33'),(602,2,3,1,'jpeg','id602_1(2)_2_1_0__F_2.jpeg','L1(2).jpeg','2023-01-11 19:35:01','2023-01-11 19:35:01'),(602,2,3,2,'jpg','id602_2(2)_2_1_0__F_2.jpg','L1(2).jpg','2023-01-12 15:04:34','2023-01-12 15:04:34'),(602,2,3,3,'jpg','id602_3(2)_2_1_0__F_2.jpg','L1(2).jpg','2023-01-12 16:20:29','2023-01-12 16:20:29'),(602,2,3,4,'jpeg','id602_4(2)_2_1_0__F_2.jpeg','L1(2).jpeg','2023-01-17 21:23:25','2023-01-17 21:23:25'),(603,2,3,0,'jpeg','id603_0(3)_2_1_1__F_2.jpeg','L1(3).jpeg','2023-01-11 19:32:33','2023-01-11 19:32:33'),(603,2,3,1,'jpeg','id603_1(3)_2_1_1__F_2.jpeg','L1(3).jpeg','2023-01-11 19:35:01','2023-01-11 19:35:01'),(603,2,3,2,'jpg','id603_2(3)_2_1_1__F_2.jpg','L1(3).jpg','2023-01-12 15:04:34','2023-01-12 15:04:34'),(603,2,3,3,'jpg','id603_3(3)_2_1_1__F_2.jpg','L1(3).jpg','2023-01-12 16:20:29','2023-01-12 16:20:29'),(603,2,3,4,'jpeg','id603_4(3)_2_1_1__F_2.jpeg','L1(3).jpeg','2023-01-17 21:23:25','2023-01-17 21:23:25'),(604,2,3,0,'jpeg','id604_0(4)_2_1_1__F_2.jpeg','L1(4).jpeg','2023-01-11 19:32:33','2023-01-11 19:32:33'),(604,2,3,1,'jpeg','id604_1(4)_2_1_1__F_2.jpeg','L1(4).jpeg','2023-01-11 19:35:01','2023-01-11 19:35:01'),(604,2,3,2,'jpg','id604_2(4)_2_1_1__F_2.jpg','L1(4).jpg','2023-01-12 15:04:34','2023-01-12 15:04:34'),(604,2,3,3,'jpg','id604_3(4)_2_1_1__F_2.jpg','L1(4).jpg','2023-01-12 16:20:29','2023-01-12 16:20:29'),(604,2,3,4,'jpeg','id604_4(4)_2_1_1__F_2.jpeg','L1(4).jpeg','2023-01-17 21:23:25','2023-01-17 21:23:25'),(605,2,3,0,'jpeg','id605_0(5)_2_1_2__F_2.jpeg','L1(5).jpeg','2023-01-11 19:32:35','2023-01-11 19:32:35'),(605,2,3,1,'jpeg','id605_1(5)_2_1_2__F_2.jpeg','L1(5).jpeg','2023-01-11 19:35:03','2023-01-11 19:35:03'),(605,2,3,2,'jpg','id605_2(5)_2_1_2__F_2.jpg','L1(5).jpg','2023-01-12 15:04:36','2023-01-12 15:04:36'),(605,2,3,3,'jpg','id605_3(5)_2_1_2__F_2.jpg','L1(5).jpg','2023-01-12 16:20:31','2023-01-12 16:20:31'),(605,2,3,4,'jpeg','id605_4(5)_2_1_2__F_2.jpeg','L1(5).jpeg','2023-01-17 21:23:27','2023-01-17 21:23:27'),(606,2,3,0,'jpeg','id606_0(6)_2_1_2__F_2.jpeg','L1(6).jpeg','2023-01-11 19:32:35','2023-01-11 19:32:35'),(606,2,3,1,'jpeg','id606_1(6)_2_1_2__F_2.jpeg','L1(6).jpeg','2023-01-11 19:35:03','2023-01-11 19:35:03'),(606,2,3,2,'jpg','id606_2(6)_2_1_2__F_2.jpg','L1(6).jpg','2023-01-12 15:04:36','2023-01-12 15:04:36'),(606,2,3,3,'jpg','id606_3(6)_2_1_2__F_2.jpg','L1(6).jpg','2023-01-12 16:20:31','2023-01-12 16:20:31'),(606,2,3,4,'jpeg','id606_4(6)_2_1_2__F_2.jpeg','L1(6).jpeg','2023-01-17 21:23:27','2023-01-17 21:23:27'),(607,2,3,0,'jpeg','id607_0(7)_2_1_3__F_2.jpeg','L1(7).jpeg','2023-01-11 19:32:35','2023-01-11 19:32:35'),(607,2,3,1,'jpeg','id607_1(7)_2_1_3__F_2.jpeg','L1(7).jpeg','2023-01-11 19:35:03','2023-01-11 19:35:03'),(607,2,3,2,'jpg','id607_2(7)_2_1_3__F_2.jpg','L1(7).jpg','2023-01-12 16:20:31','2023-01-12 16:20:31'),(607,2,3,3,'jpeg','id607_3(7)_2_1_3__F_2.jpeg','L1(7).jpeg','2023-01-17 21:23:27','2023-01-17 21:23:27'),(608,2,3,0,'jpeg','id608_0(8)_2_1_3__F_2.jpeg','L1(8).jpeg','2023-01-11 19:32:35','2023-01-11 19:32:35'),(608,2,3,1,'jpeg','id608_1(8)_2_1_3__F_2.jpeg','L1(8).jpeg','2023-01-11 19:35:03','2023-01-11 19:35:03'),(608,2,3,2,'jpg','id608_2(8)_2_1_3__F_2.jpg','L1(8).jpg','2023-01-12 16:20:31','2023-01-12 16:20:31'),(608,2,3,3,'jpeg','id608_3(8)_2_1_3__F_2.jpeg','L1(8).jpeg','2023-01-17 21:23:27','2023-01-17 21:23:27'),(609,2,3,0,'jpeg','id609_0(9)_2_1_4__F_2.jpeg','L1(9).jpeg','2023-01-11 19:32:35','2023-01-11 19:32:35'),(609,2,3,1,'jpeg','id609_1(9)_2_1_4__F_2.jpeg','L1(9).jpeg','2023-01-11 19:35:03','2023-01-11 19:35:03'),(609,2,3,2,'jpg','id609_2(9)_2_1_4__F_2.jpg','L1(9).jpg','2023-01-12 16:20:32','2023-01-12 16:20:32'),(609,2,3,3,'jpeg','id609_3(9)_2_1_4__F_2.jpeg','L1(9).jpeg','2023-01-17 21:23:27','2023-01-17 21:23:27'),(610,2,3,0,'jpeg','id610_0(10)_2_1_4__F_2.jpeg','L1(10).jpeg','2023-01-11 19:32:37','2023-01-11 19:32:37'),(610,2,3,1,'jpeg','id610_1(10)_2_1_4__F_2.jpeg','L1(10).jpeg','2023-01-11 19:35:05','2023-01-11 19:35:05'),(610,2,3,2,'jpg','id610_2(10)_2_1_4__F_2.jpg','L1(10).jpg','2023-01-12 16:20:34','2023-01-12 16:20:34'),(610,2,3,3,'jpeg','id610_3(10)_2_1_4__F_2.jpeg','L1(10).jpeg','2023-01-17 21:23:29','2023-01-17 21:23:29'),(611,2,3,0,'jpeg','id611_0(11)_2_1_5__F_2.jpeg','L1(11).jpeg','2023-01-11 19:32:37','2023-01-11 19:32:37'),(611,2,3,1,'jpeg','id611_1(11)_2_1_5__F_2.jpeg','L1(11).jpeg','2023-01-11 19:35:06','2023-01-11 19:35:06'),(611,2,3,2,'jpg','id611_2(11)_2_1_5__F_2.jpg','L1(11).jpg','2023-01-12 16:20:34','2023-01-12 16:20:34'),(612,2,3,0,'jpeg','id612_0(12)_2_1_5__F_2.jpeg','L1(12).jpeg','2023-01-11 19:32:37','2023-01-11 19:32:37'),(612,2,3,1,'jpeg','id612_1(12)_2_1_5__F_2.jpeg','L1(12).jpeg','2023-01-11 19:35:06','2023-01-11 19:35:06'),(612,2,3,2,'jpg','id612_2(12)_2_1_5__F_2.jpg','L1(12).jpg','2023-01-12 16:20:34','2023-01-12 16:20:34'),(613,2,3,0,'jpeg','id613_0(13)_2_1_6__F_2.jpeg','L1(13).jpeg','2023-01-11 19:32:37','2023-01-11 19:32:37'),(613,2,3,1,'jpeg','id613_1(13)_2_1_6__F_2.jpeg','L1(13).jpeg','2023-01-11 19:35:06','2023-01-11 19:35:06'),(613,2,3,2,'jpg','id613_2(13)_2_1_6__F_2.jpg','L1(13).jpg','2023-01-12 16:20:34','2023-01-12 16:20:34'),(614,2,3,0,'jpeg','id614_0(14)_2_1_6__F_2.jpeg','L1(14).jpeg','2023-01-11 19:32:37','2023-01-11 19:32:37'),(614,2,3,1,'jpeg','id614_1(14)_2_1_6__F_2.jpeg','L1(14).jpeg','2023-01-11 19:35:06','2023-01-11 19:35:06'),(614,2,3,2,'jpg','id614_2(14)_2_1_6__F_2.jpg','L1(14).jpg','2023-01-12 16:20:34','2023-01-12 16:20:34'),(615,2,3,0,'jpeg','id615_0(15)_2_1_7__F_2.jpeg','L1(15).jpeg','2023-01-11 19:32:39','2023-01-11 19:32:39'),(615,2,3,1,'jpeg','id615_1(15)_2_1_7__F_2.jpeg','L1(15).jpeg','2023-01-11 19:35:08','2023-01-11 19:35:08'),(615,2,3,2,'jpg','id615_2(15)_2_1_7__F_2.jpg','L1(15).jpg','2023-01-12 16:20:36','2023-01-12 16:20:36'),(616,2,3,0,'jpeg','id616_0(16)_2_1_7__F_2.jpeg','L1(16).jpeg','2023-01-11 19:32:39','2023-01-11 19:32:39'),(616,2,3,1,'jpeg','id616_1(16)_2_1_7__F_2.jpeg','L1(16).jpeg','2023-01-11 19:35:08','2023-01-11 19:35:08'),(616,2,3,2,'jpg','id616_2(16)_2_1_7__F_2.jpg','L1(16).jpg','2023-01-12 16:20:36','2023-01-12 16:20:36'),(617,2,3,0,'jpeg','id617_0(17)_2_1_8__F_2.jpeg','L1(17).jpeg','2023-01-11 19:32:39','2023-01-11 19:32:39'),(617,2,3,1,'jpeg','id617_1(17)_2_1_8__F_2.jpeg','L1(17).jpeg','2023-01-11 19:35:08','2023-01-11 19:35:08'),(617,2,3,2,'jpg','id617_2(17)_2_1_8__F_2.jpg','L1(17).jpg','2023-01-12 16:20:36','2023-01-12 16:20:36'),(618,2,3,0,'jpeg','id618_0(18)_2_1_8__F_2.jpeg','L1(18).jpeg','2023-01-11 19:32:39','2023-01-11 19:32:39'),(618,2,3,1,'jpeg','id618_1(18)_2_1_8__F_2.jpeg','L1(18).jpeg','2023-01-11 19:35:08','2023-01-11 19:35:08'),(618,2,3,2,'jpg','id618_2(18)_2_1_8__F_2.jpg','L1(18).jpg','2023-01-12 16:20:36','2023-01-12 16:20:36'),(619,2,3,0,'jpeg','id619_0(19)_2_1_9__F_2.jpeg','L1(19).jpeg','2023-01-11 19:32:39','2023-01-11 19:32:39'),(619,2,3,1,'jpeg','id619_1(19)_2_1_9__F_2.jpeg','L1(19).jpeg','2023-01-11 19:35:08','2023-01-11 19:35:08'),(619,2,3,2,'jpg','id619_2(19)_2_1_9__F_2.jpg','L1(19).jpg','2023-01-12 16:20:36','2023-01-12 16:20:36'),(620,2,3,0,'jpeg','id620_0(20)_2_1_9__F_2.jpeg','L1(20).jpeg','2023-01-11 19:32:41','2023-01-11 19:32:41'),(620,2,3,1,'jpeg','id620_1(20)_2_1_9__F_2.jpeg','L1(20).jpeg','2023-01-11 19:35:10','2023-01-11 19:35:10'),(620,2,3,2,'jpg','id620_2(20)_2_1_9__F_2.jpg','L1(20).jpg','2023-01-12 16:20:38','2023-01-12 16:20:38'),(621,2,3,0,'jpeg','id621_0(21)_2_1_10__F_2.jpeg','L1(21).jpeg','2023-01-11 19:32:41','2023-01-11 19:32:41'),(621,2,3,1,'jpeg','id621_1(21)_2_1_10__F_2.jpeg','L1(21).jpeg','2023-01-11 19:35:10','2023-01-11 19:35:10'),(621,2,3,2,'jpg','id621_2(21)_2_1_10__F_2.jpg','L1(21).jpg','2023-01-12 16:20:38','2023-01-12 16:20:38'),(622,2,3,0,'jpeg','id622_0(22)_2_1_10__F_2.jpeg','L1(22).jpeg','2023-01-11 19:32:41','2023-01-11 19:32:41'),(622,2,3,1,'jpeg','id622_1(22)_2_1_10__F_2.jpeg','L1(22).jpeg','2023-01-11 19:35:10','2023-01-11 19:35:10'),(622,2,3,2,'jpg','id622_2(22)_2_1_10__F_2.jpg','L1(22).jpg','2023-01-12 16:20:38','2023-01-12 16:20:38'),(623,2,3,0,'jpeg','id623_0(23)_2_1_11__F_2.jpeg','L1(23).jpeg','2023-01-11 19:32:41','2023-01-11 19:32:41'),(623,2,3,1,'jpeg','id623_1(23)_2_1_11__F_2.jpeg','L1(23).jpeg','2023-01-11 19:35:10','2023-01-11 19:35:10'),(623,2,3,2,'jpg','id623_2(23)_2_1_11__F_2.jpg','L1(23).jpg','2023-01-12 16:20:38','2023-01-12 16:20:38'),(624,2,3,0,'jpeg','id624_0(24)_2_1_11__F_2.jpeg','L1(24).jpeg','2023-01-11 19:32:41','2023-01-11 19:32:41'),(624,2,3,1,'jpeg','id624_1(24)_2_1_11__F_2.jpeg','L1(24).jpeg','2023-01-11 19:35:10','2023-01-11 19:35:10'),(624,2,3,2,'jpg','id624_2(24)_2_1_11__F_2.jpg','L1(24).jpg','2023-01-12 16:20:38','2023-01-12 16:20:38'),(625,2,3,0,'jpeg','id625_0(25)_2_1_12__F_2.jpeg','L1(25).jpeg','2023-01-11 19:32:43','2023-01-11 19:32:43'),(625,2,3,1,'jpeg','id625_1(25)_2_1_12__F_2.jpeg','L1(25).jpeg','2023-01-11 19:35:12','2023-01-11 19:35:12'),(625,2,3,2,'jpg','id625_2(25)_2_1_12__F_2.jpg','L1(25).jpg','2023-01-12 16:20:40','2023-01-12 16:20:40'),(626,2,3,0,'jpeg','id626_0(26)_2_1_12__F_2.jpeg','L1(26).jpeg','2023-01-11 19:32:43','2023-01-11 19:32:43'),(626,2,3,1,'jpeg','id626_1(26)_2_1_12__F_2.jpeg','L1(26).jpeg','2023-01-11 19:35:12','2023-01-11 19:35:12'),(626,2,3,2,'jpg','id626_2(26)_2_1_12__F_2.jpg','L1(26).jpg','2023-01-12 16:20:40','2023-01-12 16:20:40'),(627,2,3,0,'jpeg','id627_0(27)_2_1_13__F_2.jpeg','L1(27).jpeg','2023-01-11 19:32:43','2023-01-11 19:32:43'),(627,2,3,1,'jpeg','id627_1(27)_2_1_13__F_2.jpeg','L1(27).jpeg','2023-01-11 19:35:12','2023-01-11 19:35:12'),(627,2,3,2,'jpg','id627_2(27)_2_1_13__F_2.jpg','L1(27).jpg','2023-01-12 16:20:40','2023-01-12 16:20:40'),(628,2,3,0,'jpeg','id628_0(28)_2_1_13__F_2.jpeg','L1(28).jpeg','2023-01-11 19:32:43','2023-01-11 19:32:43'),(628,2,3,1,'jpeg','id628_1(28)_2_1_13__F_2.jpeg','L1(28).jpeg','2023-01-11 19:35:12','2023-01-11 19:35:12'),(628,2,3,2,'jpg','id628_2(28)_2_1_13__F_2.jpg','L1(28).jpg','2023-01-12 16:20:40','2023-01-12 16:20:40'),(629,2,3,0,'jpeg','id629_0(29)_2_1_14__F_2.jpeg','L1(29).jpeg','2023-01-11 19:32:44','2023-01-11 19:32:44'),(629,2,3,1,'jpeg','id629_1(29)_2_1_14__F_2.jpeg','L1(29).jpeg','2023-01-11 19:35:12','2023-01-11 19:35:12'),(629,2,3,2,'jpg','id629_2(29)_2_1_14__F_2.jpg','L1(29).jpg','2023-01-12 16:20:40','2023-01-12 16:20:40'),(630,2,3,0,'jpeg','id630_0(30)_2_1_14__F_2.jpeg','L1(30).jpeg','2023-01-11 19:32:46','2023-01-11 19:32:46'),(630,2,3,1,'jpeg','id630_1(30)_2_1_14__F_2.jpeg','L1(30).jpeg','2023-01-11 19:35:14','2023-01-11 19:35:14'),(630,2,3,2,'jpg','id630_2(30)_2_1_14__F_2.jpg','L1(30).jpg','2023-01-12 16:20:42','2023-01-12 16:20:42'),(631,2,3,0,'jpeg','id631_0(31)_2_1_15__F_2.jpeg','L1(31).jpeg','2023-01-11 19:32:46','2023-01-11 19:32:46'),(631,2,3,1,'jpeg','id631_1(31)_2_1_15__F_2.jpeg','L1(31).jpeg','2023-01-11 19:35:14','2023-01-11 19:35:14'),(631,2,3,2,'jpg','id631_2(31)_2_1_15__F_2.jpg','L1(31).jpg','2023-01-12 16:20:42','2023-01-12 16:20:42'),(632,2,3,0,'jpeg','id632_0(32)_2_1_15__F_2.jpeg','L1(32).jpeg','2023-01-11 19:32:46','2023-01-11 19:32:46'),(632,2,3,1,'jpeg','id632_1(32)_2_1_15__F_2.jpeg','L1(32).jpeg','2023-01-11 19:35:14','2023-01-11 19:35:14'),(632,2,3,2,'jpg','id632_2(32)_2_1_15__F_2.jpg','L1(32).jpg','2023-01-12 16:20:42','2023-01-12 16:20:42'),(633,2,3,0,'jpeg','id633_0(33)_2_1_16__F_2.jpeg','L1(33).jpeg','2023-01-11 19:32:46','2023-01-11 19:32:46'),(633,2,3,1,'jpeg','id633_1(33)_2_1_16__F_2.jpeg','L1(33).jpeg','2023-01-11 19:35:14','2023-01-11 19:35:14'),(633,2,3,2,'jpg','id633_2(33)_2_1_16__F_2.jpg','L1(33).jpg','2023-01-12 16:20:42','2023-01-12 16:20:42'),(634,2,3,0,'jpeg','id634_0(34)_2_1_16__F_2.jpeg','L1(34).jpeg','2023-01-11 19:32:46','2023-01-11 19:32:46'),(634,2,3,1,'jpeg','id634_1(34)_2_1_16__F_2.jpeg','L1(34).jpeg','2023-01-11 19:35:14','2023-01-11 19:35:14'),(634,2,3,2,'jpg','id634_2(34)_2_1_16__F_2.jpg','L1(34).jpg','2023-01-12 16:20:42','2023-01-12 16:20:42'),(635,2,3,0,'jpeg','id635_0(35)_2_1_17__F_2.jpeg','L1(35).jpeg','2023-01-11 19:32:48','2023-01-11 19:32:48'),(635,2,3,1,'jpeg','id635_1(35)_2_1_17__F_2.jpeg','L1(35).jpeg','2023-01-11 19:35:16','2023-01-11 19:35:16'),(635,2,3,2,'jpg','id635_2(35)_2_1_17__F_2.jpg','L1(35).jpg','2023-01-12 16:20:44','2023-01-12 16:20:44'),(636,2,3,0,'jpeg','id636_0(36)_2_1_17__F_2.jpeg','L1(36).jpeg','2023-01-11 19:32:48','2023-01-11 19:32:48'),(636,2,3,1,'jpeg','id636_1(36)_2_1_17__F_2.jpeg','L1(36).jpeg','2023-01-11 19:35:16','2023-01-11 19:35:16'),(636,2,3,2,'jpg','id636_2(36)_2_1_17__F_2.jpg','L1(36).jpg','2023-01-12 16:20:44','2023-01-12 16:20:44'),(637,2,3,0,'jpeg','id637_0(37)_2_1_18__F_2.jpeg','L1(37).jpeg','2023-01-11 19:32:48','2023-01-11 19:32:48'),(637,2,3,1,'jpeg','id637_1(37)_2_1_18__F_2.jpeg','L1(37).jpeg','2023-01-11 19:35:16','2023-01-11 19:35:16'),(637,2,3,2,'jpg','id637_2(37)_2_1_18__F_2.jpg','L1(37).jpg','2023-01-12 16:20:44','2023-01-12 16:20:44'),(638,2,3,0,'jpeg','id638_0(38)_2_1_18__F_2.jpeg','L1(38).jpeg','2023-01-11 19:32:48','2023-01-11 19:32:48'),(638,2,3,1,'jpeg','id638_1(38)_2_1_18__F_2.jpeg','L1(38).jpeg','2023-01-11 19:35:16','2023-01-11 19:35:16'),(638,2,3,2,'jpg','id638_2(38)_2_1_18__F_2.jpg','L1(38).jpg','2023-01-12 16:20:44','2023-01-12 16:20:44'),(639,2,3,0,'jpeg','id639_0(39)_2_1_19__F_2.jpeg','L1(39).jpeg','2023-01-11 19:32:48','2023-01-11 19:32:48'),(639,2,3,1,'jpeg','id639_1(39)_2_1_19__F_2.jpeg','L1(39).jpeg','2023-01-11 19:35:16','2023-01-11 19:35:16'),(639,2,3,2,'jpg','id639_2(39)_2_1_19__F_2.jpg','L1(39).jpg','2023-01-12 16:20:44','2023-01-12 16:20:44'),(640,2,3,0,'jpeg','id640_0(40)_2_1_19__F_2.jpeg','L1(40).jpeg','2023-01-11 19:32:50','2023-01-11 19:32:50'),(640,2,3,1,'jpeg','id640_1(40)_2_1_19__F_2.jpeg','L1(40).jpeg','2023-01-11 19:35:18','2023-01-11 19:35:18'),(640,2,3,2,'jpg','id640_2(40)_2_1_19__F_2.jpg','L1(40).jpg','2023-01-12 16:20:46','2023-01-12 16:20:46'),(641,2,3,0,'jpeg','id641_0(41)_2_1_20__F_2.jpeg','L1(41).jpeg','2023-01-11 19:32:50','2023-01-11 19:32:50'),(641,2,3,1,'jpeg','id641_1(41)_2_1_20__F_2.jpeg','L1(41).jpeg','2023-01-11 19:35:19','2023-01-11 19:35:19'),(641,2,3,2,'jpg','id641_2(41)_2_1_20__F_2.jpg','L1(41).jpg','2023-01-12 16:20:47','2023-01-12 16:20:47'),(642,2,3,0,'jpeg','id642_0(42)_2_1_20__F_2.jpeg','L1(42).jpeg','2023-01-11 19:32:50','2023-01-11 19:32:50'),(642,2,3,1,'jpeg','id642_1(42)_2_1_20__F_2.jpeg','L1(42).jpeg','2023-01-11 19:35:19','2023-01-11 19:35:19'),(642,2,3,2,'jpg','id642_2(42)_2_1_20__F_2.jpg','L1(42).jpg','2023-01-12 16:20:47','2023-01-12 16:20:47'),(643,2,3,0,'jpeg','id643_0(43)_2_1_21__F_2.jpeg','L1(43).jpeg','2023-01-11 19:32:50','2023-01-11 19:32:50'),(643,2,3,1,'jpeg','id643_1(43)_2_1_21__F_2.jpeg','L1(43).jpeg','2023-01-11 19:35:19','2023-01-11 19:35:19'),(643,2,3,2,'jpg','id643_2(43)_2_1_21__F_2.jpg','L1(43).jpg','2023-01-12 16:20:47','2023-01-12 16:20:47'),(644,2,3,0,'jpeg','id644_0(44)_2_1_21__F_2.jpeg','L1(44).jpeg','2023-01-11 19:32:50','2023-01-11 19:32:50'),(644,2,3,1,'jpeg','id644_1(44)_2_1_21__F_2.jpeg','L1(44).jpeg','2023-01-11 19:35:19','2023-01-11 19:35:19'),(644,2,3,2,'jpg','id644_2(44)_2_1_21__F_2.jpg','L1(44).jpg','2023-01-12 16:20:47','2023-01-12 16:20:47'),(645,2,3,0,'jpeg','id645_0(45)_2_1_22__F_2.jpeg','L1(45).jpeg','2023-01-11 19:32:52','2023-01-11 19:32:52'),(645,2,3,1,'jpeg','id645_1(45)_2_1_22__F_2.jpeg','L1(45).jpeg','2023-01-11 19:35:21','2023-01-11 19:35:21'),(645,2,3,2,'jpg','id645_2(45)_2_1_22__F_2.jpg','L1(45).jpg','2023-01-12 16:20:49','2023-01-12 16:20:49'),(646,2,3,0,'jpeg','id646_0(46)_2_1_22__F_2.jpeg','L1(46).jpeg','2023-01-11 19:32:52','2023-01-11 19:32:52'),(646,2,3,1,'jpeg','id646_1(46)_2_1_22__F_2.jpeg','L1(46).jpeg','2023-01-11 19:35:21','2023-01-11 19:35:21'),(646,2,3,2,'jpg','id646_2(46)_2_1_22__F_2.jpg','L1(46).jpg','2023-01-12 16:20:49','2023-01-12 16:20:49'),(647,2,3,0,'jpeg','id647_0(47)_2_1_23__F_2.jpeg','L1(47).jpeg','2023-01-11 19:32:52','2023-01-11 19:32:52'),(647,2,3,1,'jpeg','id647_1(47)_2_1_23__F_2.jpeg','L1(47).jpeg','2023-01-11 19:35:21','2023-01-11 19:35:21'),(647,2,3,2,'jpg','id647_2(47)_2_1_23__F_2.jpg','L1(47).jpg','2023-01-12 16:20:49','2023-01-12 16:20:49'),(648,2,3,0,'jpeg','id648_0(48)_2_1_23__F_2.jpeg','L1(48).jpeg','2023-01-11 19:32:52','2023-01-11 19:32:52'),(648,2,3,1,'jpeg','id648_1(48)_2_1_23__F_2.jpeg','L1(48).jpeg','2023-01-11 19:35:21','2023-01-11 19:35:21'),(648,2,3,2,'jpg','id648_2(48)_2_1_23__F_2.jpg','L1(48).jpg','2023-01-12 16:20:49','2023-01-12 16:20:49'),(649,2,3,0,'jpeg','id649_0(49)_2_1_24__F_2.jpeg','L1(49).jpeg','2023-01-11 19:32:52','2023-01-11 19:32:52'),(649,2,3,1,'jpeg','id649_1(49)_2_1_24__F_2.jpeg','L1(49).jpeg','2023-01-11 19:35:21','2023-01-11 19:35:21'),(649,2,3,2,'jpg','id649_2(49)_2_1_24__F_2.jpg','L1(49).jpg','2023-01-12 16:20:49','2023-01-12 16:20:49'),(650,2,3,0,'jpeg','id650_0(50)_2_1_24__F_2.jpeg','L1(50).jpeg','2023-01-11 19:32:54','2023-01-11 19:32:54'),(650,2,3,1,'jpeg','id650_1(50)_2_1_24__F_2.jpeg','L1(50).jpeg','2023-01-11 19:35:23','2023-01-11 19:35:23'),(650,2,3,2,'jpg','id650_2(50)_2_1_24__F_2.jpg','L1(50).jpg','2023-01-12 16:20:51','2023-01-12 16:20:51'),(651,2,3,0,'jpeg','id651_0(51)_2_1_25__F_2.jpeg','L1(51).jpeg','2023-01-11 19:32:54','2023-01-11 19:32:54'),(651,2,3,1,'jpeg','id651_1(51)_2_1_25__F_2.jpeg','L1(51).jpeg','2023-01-11 19:35:23','2023-01-11 19:35:23'),(651,2,3,2,'jpg','id651_2(51)_2_1_25__F_2.jpg','L1(51).jpg','2023-01-12 16:20:51','2023-01-12 16:20:51'),(652,2,3,0,'jpg','id652_0(52)_2_1_25__F_2.jpg','L1(52).jpg','2023-01-12 16:20:51','2023-01-12 16:20:51'),(653,2,3,0,'jpg','id653_0(53)_2_1_26__F_2.jpg','L1(53).jpg','2023-01-12 16:20:51','2023-01-12 16:20:51'),(654,2,3,0,'jpg','id654_0(54)_2_1_26__F_2.jpg','L1(54).jpg','2023-01-12 16:20:51','2023-01-12 16:20:51'),(655,2,3,0,'jpg','id655_0(55)_2_1_27__F_2.jpg','L1(55).jpg','2023-01-12 16:20:53','2023-01-12 16:20:53'),(656,2,3,0,'jpg','id656_0(56)_2_1_27__F_2.jpg','L1(56).jpg','2023-01-12 16:20:53','2023-01-12 16:20:53'),(657,2,3,0,'jpg','id657_0(57)_2_1_28__F_2.jpg','L1(57).jpg','2023-01-12 16:20:53','2023-01-12 16:20:53'),(658,2,3,0,'jpg','id658_0(58)_2_1_28__F_2.jpg','L1(58).jpg','2023-01-12 16:20:53','2023-01-12 16:20:53'),(659,2,3,0,'jpg','id659_0(59)_2_1_29__F_2.jpg','L1(59).jpg','2023-01-12 16:20:53','2023-01-12 16:20:53'),(660,2,3,0,'jpg','id660_0(60)_2_1_29__F_2.jpg','L1(60).jpg','2023-01-12 16:20:55','2023-01-12 16:20:55'),(661,2,3,0,'jpg','id661_0(61)_2_1_30__F_2.jpg','L1(61).jpg','2023-01-12 16:20:55','2023-01-12 16:20:55'),(662,2,3,0,'jpg','id662_0(62)_2_1_30__F_2.jpg','L1(62).jpg','2023-01-12 16:20:55','2023-01-12 16:20:55'),(663,2,3,0,'jpg','id663_0(63)_2_1_31__F_2.jpg','L1(63).jpg','2023-01-12 16:20:55','2023-01-12 16:20:55'),(664,2,3,0,'jpg','id664_0(64)_2_1_31__F_2.jpg','L1(64).jpg','2023-01-12 16:20:55','2023-01-12 16:20:55'),(665,2,3,0,'jpg','id665_0(65)_2_1_32__F_2.jpg','L1(65).jpg','2023-01-12 16:20:57','2023-01-12 16:20:57'),(666,2,3,0,'jpg','id666_0(66)_2_1_32__F_2.jpg','L1(66).jpg','2023-01-12 16:20:57','2023-01-12 16:20:57'),(667,2,3,0,'jpg','id667_0(67)_2_1_33__F_2.jpg','L1(67).jpg','2023-01-12 16:20:57','2023-01-12 16:20:57'),(668,2,3,0,'jpg','id668_0(68)_2_1_33__F_2.jpg','L1(68).jpg','2023-01-12 16:20:57','2023-01-12 16:20:57'),(669,2,3,0,'jpg','id669_0(69)_2_1_34__F_2.jpg','L1(69).jpg','2023-01-12 16:20:57','2023-01-12 16:20:57'),(670,2,3,0,'jpg','id670_0(70)_2_1_34__F_2.jpg','L1(70).jpg','2023-01-12 16:20:59','2023-01-12 16:20:59'),(701,3,3,0,'jpeg','id701_0(1)_3_1_0__F_4.jpeg','L1(1).jpeg','2023-01-11 19:35:34','2023-01-11 19:35:34'),(701,3,3,1,'jpeg','id701_1(1)_3_1_0__F_4.jpeg','L1(1).jpeg','2023-01-17 21:24:16','2023-01-17 21:24:16'),(702,3,3,0,'jpeg','id702_0(2)_3_1_0__F_4.jpeg','L1(2).jpeg','2023-01-11 19:35:34','2023-01-11 19:35:34'),(702,3,3,1,'jpeg','id702_1(2)_3_1_0__F_4.jpeg','L1(2).jpeg','2023-01-17 21:24:16','2023-01-17 21:24:16'),(703,3,3,0,'jpeg','id703_0(3)_3_1_1__F_4.jpeg','L1(3).jpeg','2023-01-11 19:35:34','2023-01-11 19:35:34'),(703,3,3,1,'jpeg','id703_1(3)_3_1_1__F_4.jpeg','L1(3).jpeg','2023-01-17 21:24:16','2023-01-17 21:24:16'),(704,3,3,0,'jpeg','id704_0(4)_3_1_1__F_4.jpeg','L1(4).jpeg','2023-01-11 19:35:34','2023-01-11 19:35:34'),(704,3,3,1,'jpeg','id704_1(4)_3_1_1__F_4.jpeg','L1(4).jpeg','2023-01-17 21:24:16','2023-01-17 21:24:16'),(705,3,3,0,'jpeg','id705_0(5)_3_1_2__F_4.jpeg','L1(5).jpeg','2023-01-11 19:35:36','2023-01-11 19:35:36'),(705,3,3,1,'jpeg','id705_1(5)_3_1_2__F_4.jpeg','L1(5).jpeg','2023-01-17 21:24:18','2023-01-17 21:24:18'),(706,3,3,0,'jpeg','id706_0(6)_3_1_2__F_4.jpeg','L1(6).jpeg','2023-01-11 19:35:36','2023-01-11 19:35:36'),(706,3,3,1,'jpeg','id706_1(6)_3_1_2__F_4.jpeg','L1(6).jpeg','2023-01-17 21:24:18','2023-01-17 21:24:18'),(707,3,3,0,'jpeg','id707_0(7)_3_1_3__F_4.jpeg','L1(7).jpeg','2023-01-11 19:35:36','2023-01-11 19:35:36'),(707,3,3,1,'jpeg','id707_1(7)_3_1_3__F_4.jpeg','L1(7).jpeg','2023-01-17 21:24:18','2023-01-17 21:24:18'),(708,3,3,0,'jpeg','id708_0(8)_3_1_3__F_4.jpeg','L1(8).jpeg','2023-01-11 19:35:36','2023-01-11 19:35:36'),(708,3,3,1,'jpeg','id708_1(8)_3_1_3__F_4.jpeg','L1(8).jpeg','2023-01-17 21:24:18','2023-01-17 21:24:18'),(709,3,3,0,'jpeg','id709_0(9)_3_1_4__F_4.jpeg','L1(9).jpeg','2023-01-11 19:35:36','2023-01-11 19:35:36'),(709,3,3,1,'jpeg','id709_1(9)_3_1_4__F_4.jpeg','L1(9).jpeg','2023-01-17 21:24:18','2023-01-17 21:24:18'),(710,3,3,0,'jpeg','id710_0(10)_3_1_4__F_4.jpeg','L1(10).jpeg','2023-01-11 19:35:38','2023-01-11 19:35:38'),(710,3,3,1,'jpeg','id710_1(10)_3_1_4__F_4.jpeg','L1(10).jpeg','2023-01-17 21:24:21','2023-01-17 21:24:21'),(711,3,3,0,'jpeg','id711_0(11)_3_1_5__F_4.jpeg','L1(11).jpeg','2023-01-11 19:35:38','2023-01-11 19:35:38'),(712,3,3,0,'jpeg','id712_0(12)_3_1_5__F_4.jpeg','L1(12).jpeg','2023-01-11 19:35:38','2023-01-11 19:35:38'),(713,3,3,0,'jpeg','id713_0(13)_3_1_6__F_4.jpeg','L1(13).jpeg','2023-01-11 19:35:38','2023-01-11 19:35:38'),(714,3,3,0,'jpeg','id714_0(14)_3_1_6__F_4.jpeg','L1(14).jpeg','2023-01-11 19:35:38','2023-01-11 19:35:38'),(715,3,3,0,'jpeg','id715_0(15)_3_1_7__F_4.jpeg','L1(15).jpeg','2023-01-11 19:35:40','2023-01-11 19:35:40'),(716,3,3,0,'jpeg','id716_0(16)_3_1_7__F_4.jpeg','L1(16).jpeg','2023-01-11 19:35:40','2023-01-11 19:35:40'),(717,3,3,0,'jpeg','id717_0(17)_3_1_8__F_4.jpeg','L1(17).jpeg','2023-01-11 19:35:40','2023-01-11 19:35:40'),(718,3,3,0,'jpeg','id718_0(18)_3_1_8__F_4.jpeg','L1(18).jpeg','2023-01-11 19:35:40','2023-01-11 19:35:40'),(719,3,3,0,'jpeg','id719_0(19)_3_1_9__F_4.jpeg','L1(19).jpeg','2023-01-11 19:35:40','2023-01-11 19:35:40'),(720,3,3,0,'jpeg','id720_0(20)_3_1_9__F_4.jpeg','L1(20).jpeg','2023-01-11 19:35:42','2023-01-11 19:35:42'),(721,3,3,0,'jpeg','id721_0(21)_3_1_10__F_4.jpeg','L1(21).jpeg','2023-01-11 19:35:42','2023-01-11 19:35:42'),(722,3,3,0,'jpeg','id722_0(22)_3_1_10__F_4.jpeg','L1(22).jpeg','2023-01-11 19:35:42','2023-01-11 19:35:42'),(723,3,3,0,'jpeg','id723_0(23)_3_1_11__F_4.jpeg','L1(23).jpeg','2023-01-11 19:35:43','2023-01-11 19:35:43'),(724,3,3,0,'jpeg','id724_0(24)_3_1_11__F_4.jpeg','L1(24).jpeg','2023-01-11 19:35:43','2023-01-11 19:35:43'),(725,3,3,0,'jpeg','id725_0(25)_3_1_12__F_4.jpeg','L1(25).jpeg','2023-01-11 19:35:45','2023-01-11 19:35:45'),(726,3,3,0,'jpeg','id726_0(26)_3_1_12__F_4.jpeg','L1(26).jpeg','2023-01-11 19:35:45','2023-01-11 19:35:45'),(727,3,3,0,'jpeg','id727_0(27)_3_1_13__F_4.jpeg','L1(27).jpeg','2023-01-11 19:35:45','2023-01-11 19:35:45'),(728,3,3,0,'jpeg','id728_0(28)_3_1_13__F_4.jpeg','L1(28).jpeg','2023-01-11 19:35:45','2023-01-11 19:35:45'),(729,3,3,0,'jpeg','id729_0(29)_3_1_14__F_4.jpeg','L1(29).jpeg','2023-01-11 19:35:45','2023-01-11 19:35:45'),(730,3,3,0,'jpeg','id730_0(30)_3_1_14__F_4.jpeg','L1(30).jpeg','2023-01-11 19:35:47','2023-01-11 19:35:47'),(731,3,3,0,'jpeg','id731_0(31)_3_1_15__F_4.jpeg','L1(31).jpeg','2023-01-11 19:35:47','2023-01-11 19:35:47'),(732,3,3,0,'jpeg','id732_0(32)_3_1_15__F_4.jpeg','L1(32).jpeg','2023-01-11 19:35:47','2023-01-11 19:35:47'),(733,3,3,0,'jpeg','id733_0(33)_3_1_16__F_4.jpeg','L1(33).jpeg','2023-01-11 19:35:47','2023-01-11 19:35:47'),(734,3,3,0,'jpeg','id734_0(34)_3_1_16__F_4.jpeg','L1(34).jpeg','2023-01-11 19:35:47','2023-01-11 19:35:47'),(735,3,3,0,'jpeg','id735_0(35)_3_1_17__F_4.jpeg','L1(35).jpeg','2023-01-11 19:35:49','2023-01-11 19:35:49'),(736,3,3,0,'jpeg','id736_0(36)_3_1_17__F_4.jpeg','L1(36).jpeg','2023-01-11 19:35:49','2023-01-11 19:35:49'),(737,3,3,0,'jpeg','id737_0(37)_3_1_18__F_4.jpeg','L1(37).jpeg','2023-01-11 19:35:49','2023-01-11 19:35:49'),(738,3,3,0,'jpeg','id738_0(38)_3_1_18__F_4.jpeg','L1(38).jpeg','2023-01-11 19:35:49','2023-01-11 19:35:49'),(739,3,3,0,'jpeg','id739_0(39)_3_1_19__F_4.jpeg','L1(39).jpeg','2023-01-11 19:35:49','2023-01-11 19:35:49'),(740,3,3,0,'jpeg','id740_0(40)_3_1_19__F_4.jpeg','L1(40).jpeg','2023-01-11 19:35:51','2023-01-11 19:35:51'),(741,3,3,0,'jpeg','id741_0(41)_3_1_20__F_4.jpeg','L1(41).jpeg','2023-01-11 19:35:51','2023-01-11 19:35:51'),(742,3,3,0,'jpeg','id742_0(42)_3_1_20__F_4.jpeg','L1(42).jpeg','2023-01-11 19:35:51','2023-01-11 19:35:51'),(743,3,3,0,'jpeg','id743_0(43)_3_1_21__F_4.jpeg','L1(43).jpeg','2023-01-11 19:35:51','2023-01-11 19:35:51'),(744,3,3,0,'jpeg','id744_0(44)_3_1_21__F_4.jpeg','L1(44).jpeg','2023-01-11 19:35:51','2023-01-11 19:35:51'),(745,3,3,0,'jpeg','id745_0(45)_3_1_22__F_4.jpeg','L1(45).jpeg','2023-01-11 19:35:53','2023-01-11 19:35:53'),(746,3,3,0,'jpeg','id746_0(46)_3_1_22__F_4.jpeg','L1(46).jpeg','2023-01-11 19:35:53','2023-01-11 19:35:53'),(747,3,3,0,'jpeg','id747_0(47)_3_1_23__F_4.jpeg','L1(47).jpeg','2023-01-11 19:35:53','2023-01-11 19:35:53'),(748,3,3,0,'jpeg','id748_0(48)_3_1_23__F_4.jpeg','L1(48).jpeg','2023-01-11 19:35:53','2023-01-11 19:35:53'),(749,3,3,0,'jpeg','id749_0(49)_3_1_24__F_4.jpeg','L1(49).jpeg','2023-01-11 19:35:53','2023-01-11 19:35:53'),(750,3,3,0,'jpeg','id750_0(50)_3_1_24__F_4.jpeg','L1(50).jpeg','2023-01-11 19:35:55','2023-01-11 19:35:55'),(751,3,3,0,'jpeg','id751_0(51)_3_1_25__F_4.jpeg','L1(51).jpeg','2023-01-11 19:35:55','2023-01-11 19:35:55');
/*!40000 ALTER TABLE `indeximages` ENABLE KEYS */;
UNLOCK TABLES;

--
-- Table structure for table `typebooks`
--

DROP TABLE IF EXISTS `typebooks`;
/*!40101 SET @saved_cs_client     = @@character_set_client */;
/*!50503 SET character_set_client = utf8mb4 */;
CREATE TABLE `typebooks` (
  `id` int unsigned NOT NULL AUTO_INCREMENT,
  `companies_id` int unsigned NOT NULL,
  `name` varchar(255) DEFAULT NULL,
  `status` tinyint(1) DEFAULT NULL,
  `path` varchar(120) DEFAULT NULL,
  `books_id` int unsigned NOT NULL,
  `created_at` timestamp NULL DEFAULT NULL,
  `updated_at` timestamp NULL DEFAULT NULL,
  PRIMARY KEY (`id`,`companies_id`),
  KEY `typebooks_companies_id_foreign` (`companies_id`),
  KEY `typebooks_books_id_foreign` (`books_id`),
  CONSTRAINT `typebooks_books_id_foreign` FOREIGN KEY (`books_id`) REFERENCES `books` (`id`) ON DELETE CASCADE,
  CONSTRAINT `typebooks_companies_id_foreign` FOREIGN KEY (`companies_id`) REFERENCES `companies` (`id`)
) ENGINE=InnoDB AUTO_INCREMENT=9 DEFAULT CHARSET=utf8mb4 COLLATE=utf8mb4_0900_ai_ci;
/*!40101 SET character_set_client = @saved_cs_client */;

--
-- Dumping data for table `typebooks`
--

LOCK TABLES `typebooks` WRITE;
/*!40000 ALTER TABLE `typebooks` DISABLE KEYS */;
INSERT INTO `typebooks` VALUES (1,3,'LIVRO NASCIMENTO 1',1,'Client_3.Book_1.NASCIMENTO',3,'2023-01-11 18:21:34','2023-01-11 18:21:34'),(2,3,'LIVRO CASAMENTO',1,'Client_3.Book_2.CASAMENTO',2,'2023-01-11 18:22:08','2023-01-11 18:22:08'),(3,3,'LIVRO OBITO',1,'Client_3.Book_3.OBITO',4,'2023-01-11 18:22:16','2023-01-11 18:22:16'),(4,2,'LIVRO OBITO SETE LAGOAS',1,'Client_2.Book_4.OBITO',4,'2023-01-11 19:37:52','2023-01-11 19:37:52'),(5,2,'LIVRO CASAMENTO SETE LAGOAS',1,'Client_2.Book_5.CASAMENTO',2,'2023-01-11 19:41:16','2023-01-11 19:41:16'),(6,2,'LIVRO NASCIMENTO SETE LAGOAS',1,'Client_2.Book_6.NASCIMENTO',3,'2023-01-11 19:41:26','2023-01-11 19:41:26'),(7,4,'CASAMENTO',1,'Client_4.Book_7.CASAMENTO',2,'2023-01-12 16:49:00','2023-01-12 16:49:00'),(8,1,'Nascimento',1,'Client_1.Book_8.NASCIMENTO',3,'2023-01-13 12:13:27','2023-01-13 12:13:27');
/*!40000 ALTER TABLE `typebooks` ENABLE KEYS */;
UNLOCK TABLES;

--
-- Table structure for table `users`
--

DROP TABLE IF EXISTS `users`;
/*!40101 SET @saved_cs_client     = @@character_set_client */;
/*!50503 SET character_set_client = utf8mb4 */;
CREATE TABLE `users` (
  `id` int unsigned NOT NULL AUTO_INCREMENT,
  `companies_id` int unsigned NOT NULL,
  `name` varchar(45) DEFAULT NULL,
  `username` varchar(45) NOT NULL,
  `email` varchar(255) NOT NULL,
  `password` varchar(180) NOT NULL,
  `remember_me_token` varchar(255) DEFAULT NULL,
  `permission_level` int unsigned NOT NULL DEFAULT '5',
  `superuser` tinyint(1) DEFAULT NULL,
  `status` tinyint(1) DEFAULT NULL,
  `created_at` timestamp NOT NULL,
  `updated_at` timestamp NOT NULL,
  PRIMARY KEY (`id`,`companies_id`),
  UNIQUE KEY `users_companies_id_username_unique` (`companies_id`,`username`),
  CONSTRAINT `users_companies_id_foreign` FOREIGN KEY (`companies_id`) REFERENCES `companies` (`id`)
) ENGINE=InnoDB AUTO_INCREMENT=7 DEFAULT CHARSET=utf8mb4 COLLATE=utf8mb4_0900_ai_ci;
/*!40101 SET character_set_client = @saved_cs_client */;

--
-- Dumping data for table `users`
--

LOCK TABLES `users` WRITE;
/*!40000 ALTER TABLE `users` DISABLE KEYS */;
INSERT INTO `users` VALUES (1,1,'Administrador','admin','admin@digi3.com.br','$argon2id$v=19$t=3,m=4096,p=1$5yrWfdFVnrB3Od8/hO47pw$VZqq+iQllIzwy2sEUZ98hdJnWklFc+JJQCmOoHoBs/0','12345',5,1,1,'2023-01-11 18:10:57','2023-01-11 18:10:57'),(2,2,'SETE LAGOAS','setelagoas','teste@teste.br','$argon2id$v=19$t=3,m=4096,p=1$Whzb9wwTPYULy9sL/JhZ6g$cALRqPhNMzQdfGanedCke+v0cWZsOGh/wItdzGg9gy4','12345',5,NULL,1,'2023-01-11 18:17:29','2023-01-11 18:17:29'),(3,3,'DURVAL','durval','teste@teste.br','$argon2id$v=19$t=3,m=4096,p=1$5UCKTjp9SPbbgZ9fXNr3uw$KbZkCToxNb4gvPwDiQ/pPyxXqftc1EQLQn/kFHxnMwM','12345',5,NULL,1,'2023-01-11 18:18:10','2023-01-11 18:18:10'),(5,3,'DURVAL 1','durval1','teste@teste.br','$argon2id$v=19$t=3,m=4096,p=1$y4DLNLQdwhFn+wDNmnvc4A$ZKI++dqWzw2/+gKNzdPoPuWJ8N+7FBEojwwwkk1jkUI','12345',5,NULL,1,'2023-01-11 18:20:15','2023-01-11 18:20:15'),(6,4,'TESTE','TESTE','teste@teste.br','$argon2id$v=19$t=3,m=4096,p=1$gVcMyi2EjrmNhwLi1DwXgw$kBH+471QdtrIk4cJXLPiCyYBH2ajb+XIDvQswqmNixQ','12345',5,NULL,1,'2023-01-12 16:47:24','2023-01-12 16:47:24');
/*!40000 ALTER TABLE `users` ENABLE KEYS */;
UNLOCK TABLES;
/*!40103 SET TIME_ZONE=@OLD_TIME_ZONE */;

/*!40101 SET SQL_MODE=@OLD_SQL_MODE */;
/*!40014 SET FOREIGN_KEY_CHECKS=@OLD_FOREIGN_KEY_CHECKS */;
/*!40014 SET UNIQUE_CHECKS=@OLD_UNIQUE_CHECKS */;
/*!40101 SET CHARACTER_SET_CLIENT=@OLD_CHARACTER_SET_CLIENT */;
/*!40101 SET CHARACTER_SET_RESULTS=@OLD_CHARACTER_SET_RESULTS */;
/*!40101 SET COLLATION_CONNECTION=@OLD_COLLATION_CONNECTION */;
/*!40111 SET SQL_NOTES=@OLD_SQL_NOTES */;

-- Dump completed on 2023-01-17 19:01:43
